Edad;Sexo;Comunidades y Ciudades Autónomas;Periodo;Total
Total;Ambos sexos;Total Nacional;2005T1;10,17
Total;Ambos sexos;Total Nacional;2005T2;9,32
Total;Ambos sexos;Total Nacional;2005T3;8,41
Total;Ambos sexos;Total Nacional;2005T4;8,71
Total;Ambos sexos;Total Nacional;2006T1;9,03
Total;Ambos sexos;Total Nacional;2006T2;8,44
Total;Ambos sexos;Total Nacional;2006T3;8,08
Total;Ambos sexos;Total Nacional;2006T4;8,26
Total;Ambos sexos;Total Nacional;2007T1;8,42
Total;Ambos sexos;Total Nacional;2007T2;7,93
Total;Ambos sexos;Total Nacional;2007T3;8,01
Total;Ambos sexos;Total Nacional;2007T4;8,57
Total;Ambos sexos;Total Nacional;2008T1;9,60
Total;Ambos sexos;Total Nacional;2008T2;10,36
Total;Ambos sexos;Total Nacional;2008T3;11,23
Total;Ambos sexos;Total Nacional;2008T4;13,79
Total;Ambos sexos;Total Nacional;2009T1;17,24
Total;Ambos sexos;Total Nacional;2009T2;17,77
Total;Ambos sexos;Total Nacional;2009T3;17,75
Total;Ambos sexos;Total Nacional;2009T4;18,66
Total;Ambos sexos;Total Nacional;2010T1;19,84
Total;Ambos sexos;Total Nacional;2010T2;19,89
Total;Ambos sexos;Total Nacional;2010T3;19,59
Total;Ambos sexos;Total Nacional;2010T4;20,11
Total;Ambos sexos;Total Nacional;2011T1;21,08
Total;Ambos sexos;Total Nacional;2011T2;20,64
Total;Ambos sexos;Total Nacional;2011T3;21,28
Total;Ambos sexos;Total Nacional;2011T4;22,56
Total;Ambos sexos;Total Nacional;2012T1;24,19
Total;Ambos sexos;Total Nacional;2012T2;24,40
Total;Ambos sexos;Total Nacional;2012T3;24,79
Total;Ambos sexos;Total Nacional;2012T4;25,77
Total;Ambos sexos;Total Nacional;2013T1;26,94
Total;Ambos sexos;Total Nacional;2013T2;26,06
Total;Ambos sexos;Total Nacional;2013T3;25,65
Total;Ambos sexos;Total Nacional;2013T4;25,73
Total;Ambos sexos;Total Nacional;2014T1;25,93
Total;Ambos sexos;Total Nacional;2014T2;24,47
Total;Ambos sexos;Total Nacional;2014T3;23,67
Total;Ambos sexos;Total Nacional;2014T4;23,70
Total;Ambos sexos;Total Nacional;2015T1;23,78
Total;Ambos sexos;Total Nacional;2015T2;22,37
Total;Ambos sexos;Total Nacional;2015T3;21,18
Total;Ambos sexos;Total Nacional;2015T4;20,90
Total;Ambos sexos;Total Nacional;2016T1;21,00
Total;Ambos sexos;Total Nacional;2016T2;20,00
Total;Ambos sexos;Total Nacional;2016T3;18,91
Total;Ambos sexos;Total Nacional;2016T4;18,63
Total;Ambos sexos;Total Nacional;2017T1;18,75
Total;Ambos sexos;Total Nacional;2017T2;17,22
Total;Ambos sexos;Total Nacional;2017T3;16,38
Total;Ambos sexos;Total Nacional;2017T4;16,55
Total;Ambos sexos;Total Nacional;2018T1;16,74
Total;Ambos sexos;Total Nacional;2018T2;15,28
Total;Ambos sexos;Total Nacional;2018T3;14,55
Total;Ambos sexos;Total Nacional;2018T4;14,45
Total;Ambos sexos;Total Nacional;2019T1;14,70
Total;Ambos sexos;Total Nacional;2019T2;14,02
Total;Ambos sexos;Total Nacional;2019T3;13,92
Total;Ambos sexos;Total Nacional;2019T4;13,78
Total;Ambos sexos;Total Nacional;2020T1;14,41
Total;Ambos sexos;Total Nacional;2020T2;15,33
Total;Ambos sexos;Total Nacional;2020T3;16,26
Total;Ambos sexos;Total Nacional;2020T4;16,13
Total;Ambos sexos;Total Nacional;2021T1;16,14
Total;Ambos sexos;Total Nacional;2021T2;15,39
Total;Ambos sexos;Total Nacional;2021T3;14,71
Total;Ambos sexos;Total Nacional;2021T4;13,44
Total;Ambos sexos;Total Nacional;2022T1;13,73
Total;Ambos sexos;Total Nacional;2022T2;12,69
Total;Ambos sexos;Total Nacional;2022T3;12,73
Total;Ambos sexos;Total Nacional;2022T4;12,99
Total;Ambos sexos;Total Nacional;2023T1;13,38
Total;Ambos sexos;Total Nacional;2023T2;11,67
Total;Ambos sexos;Total Nacional;2023T3;11,89
Total;Ambos sexos;Total Nacional;2023T4;11,80
Total;Ambos sexos;Total Nacional;2024T1;12,29
Total;Ambos sexos;Total Nacional;2024T2;11,27
Total;Ambos sexos;Total Nacional;2024T3;11,21
Total;Ambos sexos;Total Nacional;2024T4;10,61
Total;Ambos sexos;01 Andalucía;2005T1;14,29
Total;Ambos sexos;01 Andalucía;2005T2;13,71
Total;Ambos sexos;01 Andalucía;2005T3;13,50
Total;Ambos sexos;01 Andalucía;2005T4;13,80
Total;Ambos sexos;01 Andalucía;2006T1;13,31
Total;Ambos sexos;01 Andalucía;2006T2;12,53
Total;Ambos sexos;01 Andalucía;2006T3;12,43
Total;Ambos sexos;01 Andalucía;2006T4;12,22
Total;Ambos sexos;01 Andalucía;2007T1;12,52
Total;Ambos sexos;01 Andalucía;2007T2;11,95
Total;Ambos sexos;01 Andalucía;2007T3;12,57
Total;Ambos sexos;01 Andalucía;2007T4;13,96
Total;Ambos sexos;01 Andalucía;2008T1;14,78
Total;Ambos sexos;01 Andalucía;2008T2;16,16
Total;Ambos sexos;01 Andalucía;2008T3;18,21
Total;Ambos sexos;01 Andalucía;2008T4;21,66
Total;Ambos sexos;01 Andalucía;2009T1;23,94
Total;Ambos sexos;01 Andalucía;2009T2;25,26
Total;Ambos sexos;01 Andalucía;2009T3;25,51
Total;Ambos sexos;01 Andalucía;2009T4;26,27
Total;Ambos sexos;01 Andalucía;2010T1;27,05
Total;Ambos sexos;01 Andalucía;2010T2;27,62
Total;Ambos sexos;01 Andalucía;2010T3;28,38
Total;Ambos sexos;01 Andalucía;2010T4;28,04
Total;Ambos sexos;01 Andalucía;2011T1;29,37
Total;Ambos sexos;01 Andalucía;2011T2;29,45
Total;Ambos sexos;01 Andalucía;2011T3;30,69
Total;Ambos sexos;01 Andalucía;2011T4;31,01
Total;Ambos sexos;01 Andalucía;2012T1;32,90
Total;Ambos sexos;01 Andalucía;2012T2;33,59
Total;Ambos sexos;01 Andalucía;2012T3;35,21
Total;Ambos sexos;01 Andalucía;2012T4;35,71
Total;Ambos sexos;01 Andalucía;2013T1;36,77
Total;Ambos sexos;01 Andalucía;2013T2;35,67
Total;Ambos sexos;01 Andalucía;2013T3;36,19
Total;Ambos sexos;01 Andalucía;2013T4;36,26
Total;Ambos sexos;01 Andalucía;2014T1;34,94
Total;Ambos sexos;01 Andalucía;2014T2;34,74
Total;Ambos sexos;01 Andalucía;2014T3;35,21
Total;Ambos sexos;01 Andalucía;2014T4;34,23
Total;Ambos sexos;01 Andalucía;2015T1;33,62
Total;Ambos sexos;01 Andalucía;2015T2;30,98
Total;Ambos sexos;01 Andalucía;2015T3;31,73
Total;Ambos sexos;01 Andalucía;2015T4;29,83
Total;Ambos sexos;01 Andalucía;2016T1;29,70
Total;Ambos sexos;01 Andalucía;2016T2;29,07
Total;Ambos sexos;01 Andalucía;2016T3;28,52
Total;Ambos sexos;01 Andalucía;2016T4;28,25
Total;Ambos sexos;01 Andalucía;2017T1;26,94
Total;Ambos sexos;01 Andalucía;2017T2;25,24
Total;Ambos sexos;01 Andalucía;2017T3;25,41
Total;Ambos sexos;01 Andalucía;2017T4;24,43
Total;Ambos sexos;01 Andalucía;2018T1;24,74
Total;Ambos sexos;01 Andalucía;2018T2;23,09
Total;Ambos sexos;01 Andalucía;2018T3;22,85
Total;Ambos sexos;01 Andalucía;2018T4;21,26
Total;Ambos sexos;01 Andalucía;2019T1;21,08
Total;Ambos sexos;01 Andalucía;2019T2;21,04
Total;Ambos sexos;01 Andalucía;2019T3;21,83
Total;Ambos sexos;01 Andalucía;2019T4;20,80
Total;Ambos sexos;01 Andalucía;2020T1;21,21
Total;Ambos sexos;01 Andalucía;2020T2;21,32
Total;Ambos sexos;01 Andalucía;2020T3;23,80
Total;Ambos sexos;01 Andalucía;2020T4;22,74
Total;Ambos sexos;01 Andalucía;2021T1;22,75
Total;Ambos sexos;01 Andalucía;2021T2;21,77
Total;Ambos sexos;01 Andalucía;2021T3;22,61
Total;Ambos sexos;01 Andalucía;2021T4;20,31
Total;Ambos sexos;01 Andalucía;2022T1;19,55
Total;Ambos sexos;01 Andalucía;2022T2;18,76
Total;Ambos sexos;01 Andalucía;2022T3;19,10
Total;Ambos sexos;01 Andalucía;2022T4;19,05
Total;Ambos sexos;01 Andalucía;2023T1;18,38
Total;Ambos sexos;01 Andalucía;2023T2;18,20
Total;Ambos sexos;01 Andalucía;2023T3;18,77
Total;Ambos sexos;01 Andalucía;2023T4;17,61
Total;Ambos sexos;01 Andalucía;2024T1;17,77
Total;Ambos sexos;01 Andalucía;2024T2;16,27
Total;Ambos sexos;01 Andalucía;2024T3;16,06
Total;Ambos sexos;01 Andalucía;2024T4;15,76
Total;Ambos sexos;02 Aragón;2005T1;6,16
Total;Ambos sexos;02 Aragón;2005T2;6,43
Total;Ambos sexos;02 Aragón;2005T3;5,23
Total;Ambos sexos;02 Aragón;2005T4;5,76
Total;Ambos sexos;02 Aragón;2006T1;6,29
Total;Ambos sexos;02 Aragón;2006T2;5,75
Total;Ambos sexos;02 Aragón;2006T3;5,08
Total;Ambos sexos;02 Aragón;2006T4;4,99
Total;Ambos sexos;02 Aragón;2007T1;5,76
Total;Ambos sexos;02 Aragón;2007T2;5,36
Total;Ambos sexos;02 Aragón;2007T3;4,98
Total;Ambos sexos;02 Aragón;2007T4;5,12
Total;Ambos sexos;02 Aragón;2008T1;6,09
Total;Ambos sexos;02 Aragón;2008T2;6,93
Total;Ambos sexos;02 Aragón;2008T3;6,41
Total;Ambos sexos;02 Aragón;2008T4;9,71
Total;Ambos sexos;02 Aragón;2009T1;13,31
Total;Ambos sexos;02 Aragón;2009T2;13,18
Total;Ambos sexos;02 Aragón;2009T3;12,15
Total;Ambos sexos;02 Aragón;2009T4;13,57
Total;Ambos sexos;02 Aragón;2010T1;15,24
Total;Ambos sexos;02 Aragón;2010T2;14,52
Total;Ambos sexos;02 Aragón;2010T3;13,77
Total;Ambos sexos;02 Aragón;2010T4;16,29
Total;Ambos sexos;02 Aragón;2011T1;18,04
Total;Ambos sexos;02 Aragón;2011T2;17,51
Total;Ambos sexos;02 Aragón;2011T3;15,96
Total;Ambos sexos;02 Aragón;2011T4;16,80
Total;Ambos sexos;02 Aragón;2012T1;18,37
Total;Ambos sexos;02 Aragón;2012T2;18,74
Total;Ambos sexos;02 Aragón;2012T3;18,83
Total;Ambos sexos;02 Aragón;2012T4;18,72
Total;Ambos sexos;02 Aragón;2013T1;22,52
Total;Ambos sexos;02 Aragón;2013T2;22,04
Total;Ambos sexos;02 Aragón;2013T3;20,38
Total;Ambos sexos;02 Aragón;2013T4;20,59
Total;Ambos sexos;02 Aragón;2014T1;22,85
Total;Ambos sexos;02 Aragón;2014T2;20,83
Total;Ambos sexos;02 Aragón;2014T3;18,36
Total;Ambos sexos;02 Aragón;2014T4;18,65
Total;Ambos sexos;02 Aragón;2015T1;18,59
Total;Ambos sexos;02 Aragón;2015T2;17,00
Total;Ambos sexos;02 Aragón;2015T3;14,97
Total;Ambos sexos;02 Aragón;2015T4;14,60
Total;Ambos sexos;02 Aragón;2016T1;15,28
Total;Ambos sexos;02 Aragón;2016T2;15,27
Total;Ambos sexos;02 Aragón;2016T3;14,88
Total;Ambos sexos;02 Aragón;2016T4;13,53
Total;Ambos sexos;02 Aragón;2017T1;13,32
Total;Ambos sexos;02 Aragón;2017T2;11,39
Total;Ambos sexos;02 Aragón;2017T3;10,50
Total;Ambos sexos;02 Aragón;2017T4;11,37
Total;Ambos sexos;02 Aragón;2018T1;11,58
Total;Ambos sexos;02 Aragón;2018T2;9,97
Total;Ambos sexos;02 Aragón;2018T3;9,87
Total;Ambos sexos;02 Aragón;2018T4;11,11
Total;Ambos sexos;02 Aragón;2019T1;10,50
Total;Ambos sexos;02 Aragón;2019T2;9,98
Total;Ambos sexos;02 Aragón;2019T3;9,69
Total;Ambos sexos;02 Aragón;2019T4;9,93
Total;Ambos sexos;02 Aragón;2020T1;10,64
Total;Ambos sexos;02 Aragón;2020T2;11,78
Total;Ambos sexos;02 Aragón;2020T3;11,90
Total;Ambos sexos;02 Aragón;2020T4;12,49
Total;Ambos sexos;02 Aragón;2021T1;12,36
Total;Ambos sexos;02 Aragón;2021T2;10,87
Total;Ambos sexos;02 Aragón;2021T3;8,94
Total;Ambos sexos;02 Aragón;2021T4;9,18
Total;Ambos sexos;02 Aragón;2022T1;10,24
Total;Ambos sexos;02 Aragón;2022T2;9,28
Total;Ambos sexos;02 Aragón;2022T3;9,39
Total;Ambos sexos;02 Aragón;2022T4;9,57
Total;Ambos sexos;02 Aragón;2023T1;9,34
Total;Ambos sexos;02 Aragón;2023T2;8,79
Total;Ambos sexos;02 Aragón;2023T3;8,00
Total;Ambos sexos;02 Aragón;2023T4;8,17
Total;Ambos sexos;02 Aragón;2024T1;8,04
Total;Ambos sexos;02 Aragón;2024T2;8,25
Total;Ambos sexos;02 Aragón;2024T3;8,66
Total;Ambos sexos;02 Aragón;2024T4;7,62
Total;Ambos sexos;03 Asturias, Principado de;2005T1;11,18
Total;Ambos sexos;03 Asturias, Principado de;2005T2;10,68
Total;Ambos sexos;03 Asturias, Principado de;2005T3;8,99
Total;Ambos sexos;03 Asturias, Principado de;2005T4;9,30
Total;Ambos sexos;03 Asturias, Principado de;2006T1;10,06
Total;Ambos sexos;03 Asturias, Principado de;2006T2;8,09
Total;Ambos sexos;03 Asturias, Principado de;2006T3;9,41
Total;Ambos sexos;03 Asturias, Principado de;2006T4;9,09
Total;Ambos sexos;03 Asturias, Principado de;2007T1;9,44
Total;Ambos sexos;03 Asturias, Principado de;2007T2;9,10
Total;Ambos sexos;03 Asturias, Principado de;2007T3;7,13
Total;Ambos sexos;03 Asturias, Principado de;2007T4;8,00
Total;Ambos sexos;03 Asturias, Principado de;2008T1;8,56
Total;Ambos sexos;03 Asturias, Principado de;2008T2;7,84
Total;Ambos sexos;03 Asturias, Principado de;2008T3;7,60
Total;Ambos sexos;03 Asturias, Principado de;2008T4;10,00
Total;Ambos sexos;03 Asturias, Principado de;2009T1;12,07
Total;Ambos sexos;03 Asturias, Principado de;2009T2;13,94
Total;Ambos sexos;03 Asturias, Principado de;2009T3;13,54
Total;Ambos sexos;03 Asturias, Principado de;2009T4;14,13
Total;Ambos sexos;03 Asturias, Principado de;2010T1;16,60
Total;Ambos sexos;03 Asturias, Principado de;2010T2;16,35
Total;Ambos sexos;03 Asturias, Principado de;2010T3;14,10
Total;Ambos sexos;03 Asturias, Principado de;2010T4;16,61
Total;Ambos sexos;03 Asturias, Principado de;2011T1;18,16
Total;Ambos sexos;03 Asturias, Principado de;2011T2;17,17
Total;Ambos sexos;03 Asturias, Principado de;2011T3;17,19
Total;Ambos sexos;03 Asturias, Principado de;2011T4;18,84
Total;Ambos sexos;03 Asturias, Principado de;2012T1;20,52
Total;Ambos sexos;03 Asturias, Principado de;2012T2;21,12
Total;Ambos sexos;03 Asturias, Principado de;2012T3;21,83
Total;Ambos sexos;03 Asturias, Principado de;2012T4;23,82
Total;Ambos sexos;03 Asturias, Principado de;2013T1;25,51
Total;Ambos sexos;03 Asturias, Principado de;2013T2;24,56
Total;Ambos sexos;03 Asturias, Principado de;2013T3;24,15
Total;Ambos sexos;03 Asturias, Principado de;2013T4;22,29
Total;Ambos sexos;03 Asturias, Principado de;2014T1;22,75
Total;Ambos sexos;03 Asturias, Principado de;2014T2;21,02
Total;Ambos sexos;03 Asturias, Principado de;2014T3;19,96
Total;Ambos sexos;03 Asturias, Principado de;2014T4;20,78
Total;Ambos sexos;03 Asturias, Principado de;2015T1;18,99
Total;Ambos sexos;03 Asturias, Principado de;2015T2;20,15
Total;Ambos sexos;03 Asturias, Principado de;2015T3;16,97
Total;Ambos sexos;03 Asturias, Principado de;2015T4;20,33
Total;Ambos sexos;03 Asturias, Principado de;2016T1;19,50
Total;Ambos sexos;03 Asturias, Principado de;2016T2;19,29
Total;Ambos sexos;03 Asturias, Principado de;2016T3;17,05
Total;Ambos sexos;03 Asturias, Principado de;2016T4;14,59
Total;Ambos sexos;03 Asturias, Principado de;2017T1;14,23
Total;Ambos sexos;03 Asturias, Principado de;2017T2;13,03
Total;Ambos sexos;03 Asturias, Principado de;2017T3;12,95
Total;Ambos sexos;03 Asturias, Principado de;2017T4;14,64
Total;Ambos sexos;03 Asturias, Principado de;2018T1;15,02
Total;Ambos sexos;03 Asturias, Principado de;2018T2;13,10
Total;Ambos sexos;03 Asturias, Principado de;2018T3;13,45
Total;Ambos sexos;03 Asturias, Principado de;2018T4;12,86
Total;Ambos sexos;03 Asturias, Principado de;2019T1;15,03
Total;Ambos sexos;03 Asturias, Principado de;2019T2;14,17
Total;Ambos sexos;03 Asturias, Principado de;2019T3;14,43
Total;Ambos sexos;03 Asturias, Principado de;2019T4;13,14
Total;Ambos sexos;03 Asturias, Principado de;2020T1;14,37
Total;Ambos sexos;03 Asturias, Principado de;2020T2;14,45
Total;Ambos sexos;03 Asturias, Principado de;2020T3;14,16
Total;Ambos sexos;03 Asturias, Principado de;2020T4;13,50
Total;Ambos sexos;03 Asturias, Principado de;2021T1;13,73
Total;Ambos sexos;03 Asturias, Principado de;2021T2;13,42
Total;Ambos sexos;03 Asturias, Principado de;2021T3;12,09
Total;Ambos sexos;03 Asturias, Principado de;2021T4;10,10
Total;Ambos sexos;03 Asturias, Principado de;2022T1;11,68
Total;Ambos sexos;03 Asturias, Principado de;2022T2;11,60
Total;Ambos sexos;03 Asturias, Principado de;2022T3;12,59
Total;Ambos sexos;03 Asturias, Principado de;2022T4;14,18
Total;Ambos sexos;03 Asturias, Principado de;2023T1;13,10
Total;Ambos sexos;03 Asturias, Principado de;2023T2;10,38
Total;Ambos sexos;03 Asturias, Principado de;2023T3;13,39
Total;Ambos sexos;03 Asturias, Principado de;2023T4;11,62
Total;Ambos sexos;03 Asturias, Principado de;2024T1;11,40
Total;Ambos sexos;03 Asturias, Principado de;2024T2;11,79
Total;Ambos sexos;03 Asturias, Principado de;2024T3;9,26
Total;Ambos sexos;03 Asturias, Principado de;2024T4;8,09
Total;Ambos sexos;04 Balears, Illes;2005T1;10,70
Total;Ambos sexos;04 Balears, Illes;2005T2;6,06
Total;Ambos sexos;04 Balears, Illes;2005T3;4,91
Total;Ambos sexos;04 Balears, Illes;2005T4;7,50
Total;Ambos sexos;04 Balears, Illes;2006T1;8,41
Total;Ambos sexos;04 Balears, Illes;2006T2;6,53
Total;Ambos sexos;04 Balears, Illes;2006T3;4,72
Total;Ambos sexos;04 Balears, Illes;2006T4;6,34
Total;Ambos sexos;04 Balears, Illes;2007T1;9,33
Total;Ambos sexos;04 Balears, Illes;2007T2;5,55
Total;Ambos sexos;04 Balears, Illes;2007T3;4,64
Total;Ambos sexos;04 Balears, Illes;2007T4;9,35
Total;Ambos sexos;04 Balears, Illes;2008T1;10,98
Total;Ambos sexos;04 Balears, Illes;2008T2;8,40
Total;Ambos sexos;04 Balears, Illes;2008T3;9,32
Total;Ambos sexos;04 Balears, Illes;2008T4;12,05
Total;Ambos sexos;04 Balears, Illes;2009T1;19,63
Total;Ambos sexos;04 Balears, Illes;2009T2;18,02
Total;Ambos sexos;04 Balears, Illes;2009T3;14,78
Total;Ambos sexos;04 Balears, Illes;2009T4;19,45
Total;Ambos sexos;04 Balears, Illes;2010T1;22,22
Total;Ambos sexos;04 Balears, Illes;2010T2;19,79
Total;Ambos sexos;04 Balears, Illes;2010T3;16,93
Total;Ambos sexos;04 Balears, Illes;2010T4;21,78
Total;Ambos sexos;04 Balears, Illes;2011T1;24,98
Total;Ambos sexos;04 Balears, Illes;2011T2;19,53
Total;Ambos sexos;04 Balears, Illes;2011T3;17,79
Total;Ambos sexos;04 Balears, Illes;2011T4;25,49
Total;Ambos sexos;04 Balears, Illes;2012T1;27,85
Total;Ambos sexos;04 Balears, Illes;2012T2;21,32
Total;Ambos sexos;04 Balears, Illes;2012T3;19,56
Total;Ambos sexos;04 Balears, Illes;2012T4;24,30
Total;Ambos sexos;04 Balears, Illes;2013T1;28,55
Total;Ambos sexos;04 Balears, Illes;2013T2;21,14
Total;Ambos sexos;04 Balears, Illes;2013T3;16,93
Total;Ambos sexos;04 Balears, Illes;2013T4;22,72
Total;Ambos sexos;04 Balears, Illes;2014T1;26,70
Total;Ambos sexos;04 Balears, Illes;2014T2;19,04
Total;Ambos sexos;04 Balears, Illes;2014T3;15,94
Total;Ambos sexos;04 Balears, Illes;2014T4;18,88
Total;Ambos sexos;04 Balears, Illes;2015T1;22,29
Total;Ambos sexos;04 Balears, Illes;2015T2;16,45
Total;Ambos sexos;04 Balears, Illes;2015T3;13,88
Total;Ambos sexos;04 Balears, Illes;2015T4;17,02
Total;Ambos sexos;04 Balears, Illes;2016T1;18,41
Total;Ambos sexos;04 Balears, Illes;2016T2;13,02
Total;Ambos sexos;04 Balears, Illes;2016T3;10,60
Total;Ambos sexos;04 Balears, Illes;2016T4;13,80
Total;Ambos sexos;04 Balears, Illes;2017T1;16,76
Total;Ambos sexos;04 Balears, Illes;2017T2;11,49
Total;Ambos sexos;04 Balears, Illes;2017T3;9,25
Total;Ambos sexos;04 Balears, Illes;2017T4;12,61
Total;Ambos sexos;04 Balears, Illes;2018T1;17,42
Total;Ambos sexos;04 Balears, Illes;2018T2;11,22
Total;Ambos sexos;04 Balears, Illes;2018T3;7,16
Total;Ambos sexos;04 Balears, Illes;2018T4;10,91
Total;Ambos sexos;04 Balears, Illes;2019T1;17,06
Total;Ambos sexos;04 Balears, Illes;2019T2;12,13
Total;Ambos sexos;04 Balears, Illes;2019T3;8,18
Total;Ambos sexos;04 Balears, Illes;2019T4;9,91
Total;Ambos sexos;04 Balears, Illes;2020T1;18,20
Total;Ambos sexos;04 Balears, Illes;2020T2;15,93
Total;Ambos sexos;04 Balears, Illes;2020T3;13,28
Total;Ambos sexos;04 Balears, Illes;2020T4;17,34
Total;Ambos sexos;04 Balears, Illes;2021T1;18,40
Total;Ambos sexos;04 Balears, Illes;2021T2;14,74
Total;Ambos sexos;04 Balears, Illes;2021T3;10,02
Total;Ambos sexos;04 Balears, Illes;2021T4;14,58
Total;Ambos sexos;04 Balears, Illes;2022T1;17,61
Total;Ambos sexos;04 Balears, Illes;2022T2;9,02
Total;Ambos sexos;04 Balears, Illes;2022T3;5,61
Total;Ambos sexos;04 Balears, Illes;2022T4;10,70
Total;Ambos sexos;04 Balears, Illes;2023T1;17,79
Total;Ambos sexos;04 Balears, Illes;2023T2;7,12
Total;Ambos sexos;04 Balears, Illes;2023T3;5,85
Total;Ambos sexos;04 Balears, Illes;2023T4;11,16
Total;Ambos sexos;04 Balears, Illes;2024T1;15,48
Total;Ambos sexos;04 Balears, Illes;2024T2;7,95
Total;Ambos sexos;04 Balears, Illes;2024T3;6,17
Total;Ambos sexos;04 Balears, Illes;2024T4;8,20
Total;Ambos sexos;05 Canarias;2005T1;12,74
Total;Ambos sexos;05 Canarias;2005T2;12,18
Total;Ambos sexos;05 Canarias;2005T3;11,03
Total;Ambos sexos;05 Canarias;2005T4;10,88
Total;Ambos sexos;05 Canarias;2006T1;12,03
Total;Ambos sexos;05 Canarias;2006T2;11,27
Total;Ambos sexos;05 Canarias;2006T3;11,81
Total;Ambos sexos;05 Canarias;2006T4;11,37
Total;Ambos sexos;05 Canarias;2007T1;10,25
Total;Ambos sexos;05 Canarias;2007T2;9,87
Total;Ambos sexos;05 Canarias;2007T3;10,80
Total;Ambos sexos;05 Canarias;2007T4;10,89
Total;Ambos sexos;05 Canarias;2008T1;14,66
Total;Ambos sexos;05 Canarias;2008T2;15,93
Total;Ambos sexos;05 Canarias;2008T3;17,36
Total;Ambos sexos;05 Canarias;2008T4;20,99
Total;Ambos sexos;05 Canarias;2009T1;25,90
Total;Ambos sexos;05 Canarias;2009T2;25,70
Total;Ambos sexos;05 Canarias;2009T3;25,63
Total;Ambos sexos;05 Canarias;2009T4;26,77
Total;Ambos sexos;05 Canarias;2010T1;27,72
Total;Ambos sexos;05 Canarias;2010T2;29,31
Total;Ambos sexos;05 Canarias;2010T3;28,59
Total;Ambos sexos;05 Canarias;2010T4;28,78
Total;Ambos sexos;05 Canarias;2011T1;28,32
Total;Ambos sexos;05 Canarias;2011T2;29,39
Total;Ambos sexos;05 Canarias;2011T3;29,08
Total;Ambos sexos;05 Canarias;2011T4;30,33
Total;Ambos sexos;05 Canarias;2012T1;31,78
Total;Ambos sexos;05 Canarias;2012T2;32,70
Total;Ambos sexos;05 Canarias;2012T3;33,22
Total;Ambos sexos;05 Canarias;2012T4;32,60
Total;Ambos sexos;05 Canarias;2013T1;33,74
Total;Ambos sexos;05 Canarias;2013T2;33,33
Total;Ambos sexos;05 Canarias;2013T3;34,76
Total;Ambos sexos;05 Canarias;2013T4;33,09
Total;Ambos sexos;05 Canarias;2014T1;32,55
Total;Ambos sexos;05 Canarias;2014T2;32,68
Total;Ambos sexos;05 Canarias;2014T3;33,36
Total;Ambos sexos;05 Canarias;2014T4;31,08
Total;Ambos sexos;05 Canarias;2015T1;30,81
Total;Ambos sexos;05 Canarias;2015T2;30,30
Total;Ambos sexos;05 Canarias;2015T3;28,56
Total;Ambos sexos;05 Canarias;2015T4;26,75
Total;Ambos sexos;05 Canarias;2016T1;26,00
Total;Ambos sexos;05 Canarias;2016T2;27,33
Total;Ambos sexos;05 Canarias;2016T3;26,01
Total;Ambos sexos;05 Canarias;2016T4;24,90
Total;Ambos sexos;05 Canarias;2017T1;25,68
Total;Ambos sexos;05 Canarias;2017T2;24,30
Total;Ambos sexos;05 Canarias;2017T3;21,87
Total;Ambos sexos;05 Canarias;2017T4;22,04
Total;Ambos sexos;05 Canarias;2018T1;20,62
Total;Ambos sexos;05 Canarias;2018T2;20,06
Total;Ambos sexos;05 Canarias;2018T3;19,64
Total;Ambos sexos;05 Canarias;2018T4;19,99
Total;Ambos sexos;05 Canarias;2019T1;21,03
Total;Ambos sexos;05 Canarias;2019T2;21,00
Total;Ambos sexos;05 Canarias;2019T3;21,19
Total;Ambos sexos;05 Canarias;2019T4;18,78
Total;Ambos sexos;05 Canarias;2020T1;18,79
Total;Ambos sexos;05 Canarias;2020T2;21,55
Total;Ambos sexos;05 Canarias;2020T3;25,04
Total;Ambos sexos;05 Canarias;2020T4;25,22
Total;Ambos sexos;05 Canarias;2021T1;25,58
Total;Ambos sexos;05 Canarias;2021T2;24,77
Total;Ambos sexos;05 Canarias;2021T3;24,49
Total;Ambos sexos;05 Canarias;2021T4;19,23
Total;Ambos sexos;05 Canarias;2022T1;20,27
Total;Ambos sexos;05 Canarias;2022T2;17,93
Total;Ambos sexos;05 Canarias;2022T3;17,49
Total;Ambos sexos;05 Canarias;2022T4;14,87
Total;Ambos sexos;05 Canarias;2023T1;17,55
Total;Ambos sexos;05 Canarias;2023T2;15,65
Total;Ambos sexos;05 Canarias;2023T3;15,04
Total;Ambos sexos;05 Canarias;2023T4;16,06
Total;Ambos sexos;05 Canarias;2024T1;14,88
Total;Ambos sexos;05 Canarias;2024T2;13,86
Total;Ambos sexos;05 Canarias;2024T3;14,40
Total;Ambos sexos;05 Canarias;2024T4;11,91
Total;Ambos sexos;06 Cantabria;2005T1;9,83
Total;Ambos sexos;06 Cantabria;2005T2;9,11
Total;Ambos sexos;06 Cantabria;2005T3;7,07
Total;Ambos sexos;06 Cantabria;2005T4;8,01
Total;Ambos sexos;06 Cantabria;2006T1;7,06
Total;Ambos sexos;06 Cantabria;2006T2;6,53
Total;Ambos sexos;06 Cantabria;2006T3;6,40
Total;Ambos sexos;06 Cantabria;2006T4;5,87
Total;Ambos sexos;06 Cantabria;2007T1;7,11
Total;Ambos sexos;06 Cantabria;2007T2;6,41
Total;Ambos sexos;06 Cantabria;2007T3;5,61
Total;Ambos sexos;06 Cantabria;2007T4;4,72
Total;Ambos sexos;06 Cantabria;2008T1;6,41
Total;Ambos sexos;06 Cantabria;2008T2;7,10
Total;Ambos sexos;06 Cantabria;2008T3;6,32
Total;Ambos sexos;06 Cantabria;2008T4;8,81
Total;Ambos sexos;06 Cantabria;2009T1;12,57
Total;Ambos sexos;06 Cantabria;2009T2;11,67
Total;Ambos sexos;06 Cantabria;2009T3;11,06
Total;Ambos sexos;06 Cantabria;2009T4;12,70
Total;Ambos sexos;06 Cantabria;2010T1;14,33
Total;Ambos sexos;06 Cantabria;2010T2;13,73
Total;Ambos sexos;06 Cantabria;2010T3;12,07
Total;Ambos sexos;06 Cantabria;2010T4;14,67
Total;Ambos sexos;06 Cantabria;2011T1;16,27
Total;Ambos sexos;06 Cantabria;2011T2;14,88
Total;Ambos sexos;06 Cantabria;2011T3;14,13
Total;Ambos sexos;06 Cantabria;2011T4;15,92
Total;Ambos sexos;06 Cantabria;2012T1;18,77
Total;Ambos sexos;06 Cantabria;2012T2;17,42
Total;Ambos sexos;06 Cantabria;2012T3;15,79
Total;Ambos sexos;06 Cantabria;2012T4;19,19
Total;Ambos sexos;06 Cantabria;2013T1;20,86
Total;Ambos sexos;06 Cantabria;2013T2;22,28
Total;Ambos sexos;06 Cantabria;2013T3;18,84
Total;Ambos sexos;06 Cantabria;2013T4;19,81
Total;Ambos sexos;06 Cantabria;2014T1;20,95
Total;Ambos sexos;06 Cantabria;2014T2;19,26
Total;Ambos sexos;06 Cantabria;2014T3;19,04
Total;Ambos sexos;06 Cantabria;2014T4;18,42
Total;Ambos sexos;06 Cantabria;2015T1;18,54
Total;Ambos sexos;06 Cantabria;2015T2;18,15
Total;Ambos sexos;06 Cantabria;2015T3;16,19
Total;Ambos sexos;06 Cantabria;2015T4;17,71
Total;Ambos sexos;06 Cantabria;2016T1;18,90
Total;Ambos sexos;06 Cantabria;2016T2;15,31
Total;Ambos sexos;06 Cantabria;2016T3;12,53
Total;Ambos sexos;06 Cantabria;2016T4;12,89
Total;Ambos sexos;06 Cantabria;2017T1;14,07
Total;Ambos sexos;06 Cantabria;2017T2;14,03
Total;Ambos sexos;06 Cantabria;2017T3;12,67
Total;Ambos sexos;06 Cantabria;2017T4;13,49
Total;Ambos sexos;06 Cantabria;2018T1;12,46
Total;Ambos sexos;06 Cantabria;2018T2;11,57
Total;Ambos sexos;06 Cantabria;2018T3;8,99
Total;Ambos sexos;06 Cantabria;2018T4;9,68
Total;Ambos sexos;06 Cantabria;2019T1;12,20
Total;Ambos sexos;06 Cantabria;2019T2;9,01
Total;Ambos sexos;06 Cantabria;2019T3;8,73
Total;Ambos sexos;06 Cantabria;2019T4;11,18
Total;Ambos sexos;06 Cantabria;2020T1;11,09
Total;Ambos sexos;06 Cantabria;2020T2;13,76
Total;Ambos sexos;06 Cantabria;2020T3;12,02
Total;Ambos sexos;06 Cantabria;2020T4;11,79
Total;Ambos sexos;06 Cantabria;2021T1;11,59
Total;Ambos sexos;06 Cantabria;2021T2;12,15
Total;Ambos sexos;06 Cantabria;2021T3;9,74
Total;Ambos sexos;06 Cantabria;2021T4;11,58
Total;Ambos sexos;06 Cantabria;2022T1;10,83
Total;Ambos sexos;06 Cantabria;2022T2;8,32
Total;Ambos sexos;06 Cantabria;2022T3;8,62
Total;Ambos sexos;06 Cantabria;2022T4;10,53
Total;Ambos sexos;06 Cantabria;2023T1;9,46
Total;Ambos sexos;06 Cantabria;2023T2;8,02
Total;Ambos sexos;06 Cantabria;2023T3;7,70
Total;Ambos sexos;06 Cantabria;2023T4;7,39
Total;Ambos sexos;06 Cantabria;2024T1;7,53
Total;Ambos sexos;06 Cantabria;2024T2;8,46
Total;Ambos sexos;06 Cantabria;2024T3;7,17
Total;Ambos sexos;06 Cantabria;2024T4;8,23
Total;Ambos sexos;07 Castilla y León;2005T1;10,15
Total;Ambos sexos;07 Castilla y León;2005T2;8,65
Total;Ambos sexos;07 Castilla y León;2005T3;7,68
Total;Ambos sexos;07 Castilla y León;2005T4;8,53
Total;Ambos sexos;07 Castilla y León;2006T1;9,14
Total;Ambos sexos;07 Castilla y León;2006T2;8,24
Total;Ambos sexos;07 Castilla y León;2006T3;7,52
Total;Ambos sexos;07 Castilla y León;2006T4;7,58
Total;Ambos sexos;07 Castilla y León;2007T1;7,38
Total;Ambos sexos;07 Castilla y León;2007T2;7,21
Total;Ambos sexos;07 Castilla y León;2007T3;7,00
Total;Ambos sexos;07 Castilla y León;2007T4;6,94
Total;Ambos sexos;07 Castilla y León;2008T1;8,22
Total;Ambos sexos;07 Castilla y León;2008T2;9,36
Total;Ambos sexos;07 Castilla y León;2008T3;9,47
Total;Ambos sexos;07 Castilla y León;2008T4;11,40
Total;Ambos sexos;07 Castilla y León;2009T1;14,12
Total;Ambos sexos;07 Castilla y León;2009T2;14,40
Total;Ambos sexos;07 Castilla y León;2009T3;13,17
Total;Ambos sexos;07 Castilla y León;2009T4;14,21
Total;Ambos sexos;07 Castilla y León;2010T1;15,83
Total;Ambos sexos;07 Castilla y León;2010T2;16,38
Total;Ambos sexos;07 Castilla y León;2010T3;15,20
Total;Ambos sexos;07 Castilla y León;2010T4;15,78
Total;Ambos sexos;07 Castilla y León;2011T1;17,51
Total;Ambos sexos;07 Castilla y León;2011T2;16,51
Total;Ambos sexos;07 Castilla y León;2011T3;16,24
Total;Ambos sexos;07 Castilla y León;2011T4;17,21
Total;Ambos sexos;07 Castilla y León;2012T1;19,41
Total;Ambos sexos;07 Castilla y León;2012T2;19,82
Total;Ambos sexos;07 Castilla y León;2012T3;19,23
Total;Ambos sexos;07 Castilla y León;2012T4;20,74
Total;Ambos sexos;07 Castilla y León;2013T1;22,72
Total;Ambos sexos;07 Castilla y León;2013T2;21,34
Total;Ambos sexos;07 Castilla y León;2013T3;20,91
Total;Ambos sexos;07 Castilla y León;2013T4;22,02
Total;Ambos sexos;07 Castilla y León;2014T1;22,21
Total;Ambos sexos;07 Castilla y León;2014T2;21,17
Total;Ambos sexos;07 Castilla y León;2014T3;19,40
Total;Ambos sexos;07 Castilla y León;2014T4;20,28
Total;Ambos sexos;07 Castilla y León;2015T1;20,38
Total;Ambos sexos;07 Castilla y León;2015T2;18,49
Total;Ambos sexos;07 Castilla y León;2015T3;16,59
Total;Ambos sexos;07 Castilla y León;2015T4;17,58
Total;Ambos sexos;07 Castilla y León;2016T1;18,33
Total;Ambos sexos;07 Castilla y León;2016T2;16,25
Total;Ambos sexos;07 Castilla y León;2016T3;13,91
Total;Ambos sexos;07 Castilla y León;2016T4;14,81
Total;Ambos sexos;07 Castilla y León;2017T1;15,13
Total;Ambos sexos;07 Castilla y León;2017T2;14,45
Total;Ambos sexos;07 Castilla y León;2017T3;13,02
Total;Ambos sexos;07 Castilla y León;2017T4;13,71
Total;Ambos sexos;07 Castilla y León;2018T1;13,91
Total;Ambos sexos;07 Castilla y León;2018T2;12,00
Total;Ambos sexos;07 Castilla y León;2018T3;11,30
Total;Ambos sexos;07 Castilla y León;2018T4;11,21
Total;Ambos sexos;07 Castilla y León;2019T1;12,42
Total;Ambos sexos;07 Castilla y León;2019T2;11,76
Total;Ambos sexos;07 Castilla y León;2019T3;11,18
Total;Ambos sexos;07 Castilla y León;2019T4;11,20
Total;Ambos sexos;07 Castilla y León;2020T1;11,82
Total;Ambos sexos;07 Castilla y León;2020T2;12,35
Total;Ambos sexos;07 Castilla y León;2020T3;12,49
Total;Ambos sexos;07 Castilla y León;2020T4;11,61
Total;Ambos sexos;07 Castilla y León;2021T1;13,16
Total;Ambos sexos;07 Castilla y León;2021T2;12,93
Total;Ambos sexos;07 Castilla y León;2021T3;9,93
Total;Ambos sexos;07 Castilla y León;2021T4;10,46
Total;Ambos sexos;07 Castilla y León;2022T1;11,23
Total;Ambos sexos;07 Castilla y León;2022T2;10,51
Total;Ambos sexos;07 Castilla y León;2022T3;9,08
Total;Ambos sexos;07 Castilla y León;2022T4;8,90
Total;Ambos sexos;07 Castilla y León;2023T1;10,34
Total;Ambos sexos;07 Castilla y León;2023T2;9,19
Total;Ambos sexos;07 Castilla y León;2023T3;9,61
Total;Ambos sexos;07 Castilla y León;2023T4;9,59
Total;Ambos sexos;07 Castilla y León;2024T1;10,26
Total;Ambos sexos;07 Castilla y León;2024T2;9,81
Total;Ambos sexos;07 Castilla y León;2024T3;9,34
Total;Ambos sexos;07 Castilla y León;2024T4;8,23
Total;Ambos sexos;08 Castilla - La Mancha;2005T1;9,63
Total;Ambos sexos;08 Castilla - La Mancha;2005T2;9,41
Total;Ambos sexos;08 Castilla - La Mancha;2005T3;8,44
Total;Ambos sexos;08 Castilla - La Mancha;2005T4;9,42
Total;Ambos sexos;08 Castilla - La Mancha;2006T1;9,43
Total;Ambos sexos;08 Castilla - La Mancha;2006T2;9,05
Total;Ambos sexos;08 Castilla - La Mancha;2006T3;8,86
Total;Ambos sexos;08 Castilla - La Mancha;2006T4;8,05
Total;Ambos sexos;08 Castilla - La Mancha;2007T1;7,67
Total;Ambos sexos;08 Castilla - La Mancha;2007T2;7,89
Total;Ambos sexos;08 Castilla - La Mancha;2007T3;7,00
Total;Ambos sexos;08 Castilla - La Mancha;2007T4;8,10
Total;Ambos sexos;08 Castilla - La Mancha;2008T1;9,58
Total;Ambos sexos;08 Castilla - La Mancha;2008T2;10,63
Total;Ambos sexos;08 Castilla - La Mancha;2008T3;11,40
Total;Ambos sexos;08 Castilla - La Mancha;2008T4;15,04
Total;Ambos sexos;08 Castilla - La Mancha;2009T1;18,17
Total;Ambos sexos;08 Castilla - La Mancha;2009T2;19,65
Total;Ambos sexos;08 Castilla - La Mancha;2009T3;18,38
Total;Ambos sexos;08 Castilla - La Mancha;2009T4;19,29
Total;Ambos sexos;08 Castilla - La Mancha;2010T1;21,72
Total;Ambos sexos;08 Castilla - La Mancha;2010T2;21,38
Total;Ambos sexos;08 Castilla - La Mancha;2010T3;20,07
Total;Ambos sexos;08 Castilla - La Mancha;2010T4;21,72
Total;Ambos sexos;08 Castilla - La Mancha;2011T1;22,13
Total;Ambos sexos;08 Castilla - La Mancha;2011T2;23,18
Total;Ambos sexos;08 Castilla - La Mancha;2011T3;22,46
Total;Ambos sexos;08 Castilla - La Mancha;2011T4;24,53
Total;Ambos sexos;08 Castilla - La Mancha;2012T1;27,38
Total;Ambos sexos;08 Castilla - La Mancha;2012T2;28,90
Total;Ambos sexos;08 Castilla - La Mancha;2012T3;27,99
Total;Ambos sexos;08 Castilla - La Mancha;2012T4;30,07
Total;Ambos sexos;08 Castilla - La Mancha;2013T1;31,24
Total;Ambos sexos;08 Castilla - La Mancha;2013T2;30,23
Total;Ambos sexos;08 Castilla - La Mancha;2013T3;29,41
Total;Ambos sexos;08 Castilla - La Mancha;2013T4;28,99
Total;Ambos sexos;08 Castilla - La Mancha;2014T1;30,30
Total;Ambos sexos;08 Castilla - La Mancha;2014T2;28,69
Total;Ambos sexos;08 Castilla - La Mancha;2014T3;28,49
Total;Ambos sexos;08 Castilla - La Mancha;2014T4;28,50
Total;Ambos sexos;08 Castilla - La Mancha;2015T1;28,69
Total;Ambos sexos;08 Castilla - La Mancha;2015T2;27,00
Total;Ambos sexos;08 Castilla - La Mancha;2015T3;24,72
Total;Ambos sexos;08 Castilla - La Mancha;2015T4;24,97
Total;Ambos sexos;08 Castilla - La Mancha;2016T1;25,45
Total;Ambos sexos;08 Castilla - La Mancha;2016T2;23,93
Total;Ambos sexos;08 Castilla - La Mancha;2016T3;22,67
Total;Ambos sexos;08 Castilla - La Mancha;2016T4;22,14
Total;Ambos sexos;08 Castilla - La Mancha;2017T1;22,48
Total;Ambos sexos;08 Castilla - La Mancha;2017T2;22,24
Total;Ambos sexos;08 Castilla - La Mancha;2017T3;18,60
Total;Ambos sexos;08 Castilla - La Mancha;2017T4;19,74
Total;Ambos sexos;08 Castilla - La Mancha;2018T1;20,68
Total;Ambos sexos;08 Castilla - La Mancha;2018T2;19,11
Total;Ambos sexos;08 Castilla - La Mancha;2018T3;16,71
Total;Ambos sexos;08 Castilla - La Mancha;2018T4;16,16
Total;Ambos sexos;08 Castilla - La Mancha;2019T1;15,74
Total;Ambos sexos;08 Castilla - La Mancha;2019T2;16,42
Total;Ambos sexos;08 Castilla - La Mancha;2019T3;16,10
Total;Ambos sexos;08 Castilla - La Mancha;2019T4;16,56
Total;Ambos sexos;08 Castilla - La Mancha;2020T1;18,11
Total;Ambos sexos;08 Castilla - La Mancha;2020T2;16,84
Total;Ambos sexos;08 Castilla - La Mancha;2020T3;18,34
Total;Ambos sexos;08 Castilla - La Mancha;2020T4;17,39
Total;Ambos sexos;08 Castilla - La Mancha;2021T1;17,51
Total;Ambos sexos;08 Castilla - La Mancha;2021T2;16,67
Total;Ambos sexos;08 Castilla - La Mancha;2021T3;15,20
Total;Ambos sexos;08 Castilla - La Mancha;2021T4;13,33
Total;Ambos sexos;08 Castilla - La Mancha;2022T1;14,42
Total;Ambos sexos;08 Castilla - La Mancha;2022T2;14,45
Total;Ambos sexos;08 Castilla - La Mancha;2022T3;14,87
Total;Ambos sexos;08 Castilla - La Mancha;2022T4;14,81
Total;Ambos sexos;08 Castilla - La Mancha;2023T1;15,43
Total;Ambos sexos;08 Castilla - La Mancha;2023T2;13,12
Total;Ambos sexos;08 Castilla - La Mancha;2023T3;11,98
Total;Ambos sexos;08 Castilla - La Mancha;2023T4;12,33
Total;Ambos sexos;08 Castilla - La Mancha;2024T1;15,00
Total;Ambos sexos;08 Castilla - La Mancha;2024T2;13,92
Total;Ambos sexos;08 Castilla - La Mancha;2024T3;12,58
Total;Ambos sexos;08 Castilla - La Mancha;2024T4;11,86
Total;Ambos sexos;09 Cataluña;2005T1;7,79
Total;Ambos sexos;09 Cataluña;2005T2;7,11
Total;Ambos sexos;09 Cataluña;2005T3;6,13
Total;Ambos sexos;09 Cataluña;2005T4;6,63
Total;Ambos sexos;09 Cataluña;2006T1;6,93
Total;Ambos sexos;09 Cataluña;2006T2;6,31
Total;Ambos sexos;09 Cataluña;2006T3;6,17
Total;Ambos sexos;09 Cataluña;2006T4;6,56
Total;Ambos sexos;09 Cataluña;2007T1;6,65
Total;Ambos sexos;09 Cataluña;2007T2;6,05
Total;Ambos sexos;09 Cataluña;2007T3;6,69
Total;Ambos sexos;09 Cataluña;2007T4;6,50
Total;Ambos sexos;09 Cataluña;2008T1;7,52
Total;Ambos sexos;09 Cataluña;2008T2;7,47
Total;Ambos sexos;09 Cataluña;2008T3;8,80
Total;Ambos sexos;09 Cataluña;2008T4;11,75
Total;Ambos sexos;09 Cataluña;2009T1;16,16
Total;Ambos sexos;09 Cataluña;2009T2;15,92
Total;Ambos sexos;09 Cataluña;2009T3;15,89
Total;Ambos sexos;09 Cataluña;2009T4;16,90
Total;Ambos sexos;09 Cataluña;2010T1;17,90
Total;Ambos sexos;09 Cataluña;2010T2;17,56
Total;Ambos sexos;09 Cataluña;2010T3;17,31
Total;Ambos sexos;09 Cataluña;2010T4;17,86
Total;Ambos sexos;09 Cataluña;2011T1;18,93
Total;Ambos sexos;09 Cataluña;2011T2;17,93
Total;Ambos sexos;09 Cataluña;2011T3;19,38
Total;Ambos sexos;09 Cataluña;2011T4;20,40
Total;Ambos sexos;09 Cataluña;2012T1;22,00
Total;Ambos sexos;09 Cataluña;2012T2;21,79
Total;Ambos sexos;09 Cataluña;2012T3;22,46
Total;Ambos sexos;09 Cataluña;2012T4;23,81
Total;Ambos sexos;09 Cataluña;2013T1;24,45
Total;Ambos sexos;09 Cataluña;2013T2;23,61
Total;Ambos sexos;09 Cataluña;2013T3;22,55
Total;Ambos sexos;09 Cataluña;2013T4;21,87
Total;Ambos sexos;09 Cataluña;2014T1;22,10
Total;Ambos sexos;09 Cataluña;2014T2;20,22
Total;Ambos sexos;09 Cataluña;2014T3;19,10
Total;Ambos sexos;09 Cataluña;2014T4;19,88
Total;Ambos sexos;09 Cataluña;2015T1;20,05
Total;Ambos sexos;09 Cataluña;2015T2;19,10
Total;Ambos sexos;09 Cataluña;2015T3;17,49
Total;Ambos sexos;09 Cataluña;2015T4;17,73
Total;Ambos sexos;09 Cataluña;2016T1;17,42
Total;Ambos sexos;09 Cataluña;2016T2;15,95
Total;Ambos sexos;09 Cataluña;2016T3;14,63
Total;Ambos sexos;09 Cataluña;2016T4;14,85
Total;Ambos sexos;09 Cataluña;2017T1;15,28
Total;Ambos sexos;09 Cataluña;2017T2;13,20
Total;Ambos sexos;09 Cataluña;2017T3;12,54
Total;Ambos sexos;09 Cataluña;2017T4;12,63
Total;Ambos sexos;09 Cataluña;2018T1;12,19
Total;Ambos sexos;09 Cataluña;2018T2;11,39
Total;Ambos sexos;09 Cataluña;2018T3;10,63
Total;Ambos sexos;09 Cataluña;2018T4;11,75
Total;Ambos sexos;09 Cataluña;2019T1;11,64
Total;Ambos sexos;09 Cataluña;2019T2;11,17
Total;Ambos sexos;09 Cataluña;2019T3;10,87
Total;Ambos sexos;09 Cataluña;2019T4;10,45
Total;Ambos sexos;09 Cataluña;2020T1;10,66
Total;Ambos sexos;09 Cataluña;2020T2;12,78
Total;Ambos sexos;09 Cataluña;2020T3;13,23
Total;Ambos sexos;09 Cataluña;2020T4;13,87
Total;Ambos sexos;09 Cataluña;2021T1;13,09
Total;Ambos sexos;09 Cataluña;2021T2;12,44
Total;Ambos sexos;09 Cataluña;2021T3;11,05
Total;Ambos sexos;09 Cataluña;2021T4;10,21
Total;Ambos sexos;09 Cataluña;2022T1;10,53
Total;Ambos sexos;09 Cataluña;2022T2;9,53
Total;Ambos sexos;09 Cataluña;2022T3;9,51
Total;Ambos sexos;09 Cataluña;2022T4;10,32
Total;Ambos sexos;09 Cataluña;2023T1;10,66
Total;Ambos sexos;09 Cataluña;2023T2;8,88
Total;Ambos sexos;09 Cataluña;2023T3;8,68
Total;Ambos sexos;09 Cataluña;2023T4;9,16
Total;Ambos sexos;09 Cataluña;2024T1;9,48
Total;Ambos sexos;09 Cataluña;2024T2;9,41
Total;Ambos sexos;09 Cataluña;2024T3;8,83
Total;Ambos sexos;09 Cataluña;2024T4;7,87
Total;Ambos sexos;10 Comunitat Valenciana;2005T1;10,24
Total;Ambos sexos;10 Comunitat Valenciana;2005T2;9,27
Total;Ambos sexos;10 Comunitat Valenciana;2005T3;7,88
Total;Ambos sexos;10 Comunitat Valenciana;2005T4;8,13
Total;Ambos sexos;10 Comunitat Valenciana;2006T1;8,84
Total;Ambos sexos;10 Comunitat Valenciana;2006T2;7,75
Total;Ambos sexos;10 Comunitat Valenciana;2006T3;8,27
Total;Ambos sexos;10 Comunitat Valenciana;2006T4;8,48
Total;Ambos sexos;10 Comunitat Valenciana;2007T1;8,54
Total;Ambos sexos;10 Comunitat Valenciana;2007T2;8,75
Total;Ambos sexos;10 Comunitat Valenciana;2007T3;8,71
Total;Ambos sexos;10 Comunitat Valenciana;2007T4;8,94
Total;Ambos sexos;10 Comunitat Valenciana;2008T1;9,59
Total;Ambos sexos;10 Comunitat Valenciana;2008T2;11,40
Total;Ambos sexos;10 Comunitat Valenciana;2008T3;12,34
Total;Ambos sexos;10 Comunitat Valenciana;2008T4;14,58
Total;Ambos sexos;10 Comunitat Valenciana;2009T1;18,76
Total;Ambos sexos;10 Comunitat Valenciana;2009T2;20,77
Total;Ambos sexos;10 Comunitat Valenciana;2009T3;21,43
Total;Ambos sexos;10 Comunitat Valenciana;2009T4;22,09
Total;Ambos sexos;10 Comunitat Valenciana;2010T1;22,45
Total;Ambos sexos;10 Comunitat Valenciana;2010T2;23,44
Total;Ambos sexos;10 Comunitat Valenciana;2010T3;22,97
Total;Ambos sexos;10 Comunitat Valenciana;2010T4;22,57
Total;Ambos sexos;10 Comunitat Valenciana;2011T1;23,70
Total;Ambos sexos;10 Comunitat Valenciana;2011T2;23,10
Total;Ambos sexos;10 Comunitat Valenciana;2011T3;24,31
Total;Ambos sexos;10 Comunitat Valenciana;2011T4;24,83
Total;Ambos sexos;10 Comunitat Valenciana;2012T1;26,83
Total;Ambos sexos;10 Comunitat Valenciana;2012T2;26,71
Total;Ambos sexos;10 Comunitat Valenciana;2012T3;27,60
Total;Ambos sexos;10 Comunitat Valenciana;2012T4;27,62
Total;Ambos sexos;10 Comunitat Valenciana;2013T1;28,73
Total;Ambos sexos;10 Comunitat Valenciana;2013T2;28,62
Total;Ambos sexos;10 Comunitat Valenciana;2013T3;27,70
Total;Ambos sexos;10 Comunitat Valenciana;2013T4;27,15
Total;Ambos sexos;10 Comunitat Valenciana;2014T1;28,04
Total;Ambos sexos;10 Comunitat Valenciana;2014T2;26,19
Total;Ambos sexos;10 Comunitat Valenciana;2014T3;25,54
Total;Ambos sexos;10 Comunitat Valenciana;2014T4;23,48
Total;Ambos sexos;10 Comunitat Valenciana;2015T1;24,28
Total;Ambos sexos;10 Comunitat Valenciana;2015T2;23,02
Total;Ambos sexos;10 Comunitat Valenciana;2015T3;22,37
Total;Ambos sexos;10 Comunitat Valenciana;2015T4;21,45
Total;Ambos sexos;10 Comunitat Valenciana;2016T1;21,84
Total;Ambos sexos;10 Comunitat Valenciana;2016T2;21,30
Total;Ambos sexos;10 Comunitat Valenciana;2016T3;20,17
Total;Ambos sexos;10 Comunitat Valenciana;2016T4;19,15
Total;Ambos sexos;10 Comunitat Valenciana;2017T1;19,77
Total;Ambos sexos;10 Comunitat Valenciana;2017T2;18,68
Total;Ambos sexos;10 Comunitat Valenciana;2017T3;17,50
Total;Ambos sexos;10 Comunitat Valenciana;2017T4;16,76
Total;Ambos sexos;10 Comunitat Valenciana;2018T1;17,13
Total;Ambos sexos;10 Comunitat Valenciana;2018T2;15,64
Total;Ambos sexos;10 Comunitat Valenciana;2018T3;15,29
Total;Ambos sexos;10 Comunitat Valenciana;2018T4;14,30
Total;Ambos sexos;10 Comunitat Valenciana;2019T1;14,11
Total;Ambos sexos;10 Comunitat Valenciana;2019T2;14,30
Total;Ambos sexos;10 Comunitat Valenciana;2019T3;13,91
Total;Ambos sexos;10 Comunitat Valenciana;2019T4;14,13
Total;Ambos sexos;10 Comunitat Valenciana;2020T1;14,39
Total;Ambos sexos;10 Comunitat Valenciana;2020T2;16,74
Total;Ambos sexos;10 Comunitat Valenciana;2020T3;17,26
Total;Ambos sexos;10 Comunitat Valenciana;2020T4;16,37
Total;Ambos sexos;10 Comunitat Valenciana;2021T1;16,62
Total;Ambos sexos;10 Comunitat Valenciana;2021T2;16,94
Total;Ambos sexos;10 Comunitat Valenciana;2021T3;16,21
Total;Ambos sexos;10 Comunitat Valenciana;2021T4;14,57
Total;Ambos sexos;10 Comunitat Valenciana;2022T1;12,99
Total;Ambos sexos;10 Comunitat Valenciana;2022T2;12,93
Total;Ambos sexos;10 Comunitat Valenciana;2022T3;13,54
Total;Ambos sexos;10 Comunitat Valenciana;2022T4;13,70
Total;Ambos sexos;10 Comunitat Valenciana;2023T1;14,08
Total;Ambos sexos;10 Comunitat Valenciana;2023T2;12,32
Total;Ambos sexos;10 Comunitat Valenciana;2023T3;11,88
Total;Ambos sexos;10 Comunitat Valenciana;2023T4;12,93
Total;Ambos sexos;10 Comunitat Valenciana;2024T1;13,44
Total;Ambos sexos;10 Comunitat Valenciana;2024T2;11,70
Total;Ambos sexos;10 Comunitat Valenciana;2024T3;13,04
Total;Ambos sexos;10 Comunitat Valenciana;2024T4;12,33
Total;Ambos sexos;11 Extremadura;2005T1;17,38
Total;Ambos sexos;11 Extremadura;2005T2;15,18
Total;Ambos sexos;11 Extremadura;2005T3;15,22
Total;Ambos sexos;11 Extremadura;2005T4;15,16
Total;Ambos sexos;11 Extremadura;2006T1;15,65
Total;Ambos sexos;11 Extremadura;2006T2;13,53
Total;Ambos sexos;11 Extremadura;2006T3;11,13
Total;Ambos sexos;11 Extremadura;2006T4;12,94
Total;Ambos sexos;11 Extremadura;2007T1;12,75
Total;Ambos sexos;11 Extremadura;2007T2;12,00
Total;Ambos sexos;11 Extremadura;2007T3;12,34
Total;Ambos sexos;11 Extremadura;2007T4;14,79
Total;Ambos sexos;11 Extremadura;2008T1;14,47
Total;Ambos sexos;11 Extremadura;2008T2;14,10
Total;Ambos sexos;11 Extremadura;2008T3;14,72
Total;Ambos sexos;11 Extremadura;2008T4;18,11
Total;Ambos sexos;11 Extremadura;2009T1;21,95
Total;Ambos sexos;11 Extremadura;2009T2;20,22
Total;Ambos sexos;11 Extremadura;2009T3;19,14
Total;Ambos sexos;11 Extremadura;2009T4;21,21
Total;Ambos sexos;11 Extremadura;2010T1;23,20
Total;Ambos sexos;11 Extremadura;2010T2;22,40
Total;Ambos sexos;11 Extremadura;2010T3;22,33
Total;Ambos sexos;11 Extremadura;2010T4;23,95
Total;Ambos sexos;11 Extremadura;2011T1;25,12
Total;Ambos sexos;11 Extremadura;2011T2;23,25
Total;Ambos sexos;11 Extremadura;2011T3;23,62
Total;Ambos sexos;11 Extremadura;2011T4;28,33
Total;Ambos sexos;11 Extremadura;2012T1;32,12
Total;Ambos sexos;11 Extremadura;2012T2;33,54
Total;Ambos sexos;11 Extremadura;2012T3;32,67
Total;Ambos sexos;11 Extremadura;2012T4;33,97
Total;Ambos sexos;11 Extremadura;2013T1;35,67
Total;Ambos sexos;11 Extremadura;2013T2;34,07
Total;Ambos sexos;11 Extremadura;2013T3;33,33
Total;Ambos sexos;11 Extremadura;2013T4;32,40
Total;Ambos sexos;11 Extremadura;2014T1;32,14
Total;Ambos sexos;11 Extremadura;2014T2;29,43
Total;Ambos sexos;11 Extremadura;2014T3;27,64
Total;Ambos sexos;11 Extremadura;2014T4;29,96
Total;Ambos sexos;11 Extremadura;2015T1;30,24
Total;Ambos sexos;11 Extremadura;2015T2;29,56
Total;Ambos sexos;11 Extremadura;2015T3;28,51
Total;Ambos sexos;11 Extremadura;2015T4;28,07
Total;Ambos sexos;11 Extremadura;2016T1;29,13
Total;Ambos sexos;11 Extremadura;2016T2;27,01
Total;Ambos sexos;11 Extremadura;2016T3;25,61
Total;Ambos sexos;11 Extremadura;2016T4;28,31
Total;Ambos sexos;11 Extremadura;2017T1;29,23
Total;Ambos sexos;11 Extremadura;2017T2;25,76
Total;Ambos sexos;11 Extremadura;2017T3;24,76
Total;Ambos sexos;11 Extremadura;2017T4;25,12
Total;Ambos sexos;11 Extremadura;2018T1;25,94
Total;Ambos sexos;11 Extremadura;2018T2;23,85
Total;Ambos sexos;11 Extremadura;2018T3;21,68
Total;Ambos sexos;11 Extremadura;2018T4;23,10
Total;Ambos sexos;11 Extremadura;2019T1;22,52
Total;Ambos sexos;11 Extremadura;2019T2;20,46
Total;Ambos sexos;11 Extremadura;2019T3;19,68
Total;Ambos sexos;11 Extremadura;2019T4;23,48
Total;Ambos sexos;11 Extremadura;2020T1;23,59
Total;Ambos sexos;11 Extremadura;2020T2;21,39
Total;Ambos sexos;11 Extremadura;2020T3;20,88
Total;Ambos sexos;11 Extremadura;2020T4;21,32
Total;Ambos sexos;11 Extremadura;2021T1;23,33
Total;Ambos sexos;11 Extremadura;2021T2;19,60
Total;Ambos sexos;11 Extremadura;2021T3;18,50
Total;Ambos sexos;11 Extremadura;2021T4;19,33
Total;Ambos sexos;11 Extremadura;2022T1;19,17
Total;Ambos sexos;11 Extremadura;2022T2;16,82
Total;Ambos sexos;11 Extremadura;2022T3;15,77
Total;Ambos sexos;11 Extremadura;2022T4;17,55
Total;Ambos sexos;11 Extremadura;2023T1;19,45
Total;Ambos sexos;11 Extremadura;2023T2;17,19
Total;Ambos sexos;11 Extremadura;2023T3;16,60
Total;Ambos sexos;11 Extremadura;2023T4;16,23
Total;Ambos sexos;11 Extremadura;2024T1;17,61
Total;Ambos sexos;11 Extremadura;2024T2;15,40
Total;Ambos sexos;11 Extremadura;2024T3;13,79
Total;Ambos sexos;11 Extremadura;2024T4;15,26
Total;Ambos sexos;12 Galicia;2005T1;10,79
Total;Ambos sexos;12 Galicia;2005T2;11,03
Total;Ambos sexos;12 Galicia;2005T3;8,59
Total;Ambos sexos;12 Galicia;2005T4;9,14
Total;Ambos sexos;12 Galicia;2006T1;9,91
Total;Ambos sexos;12 Galicia;2006T2;8,45
Total;Ambos sexos;12 Galicia;2006T3;7,17
Total;Ambos sexos;12 Galicia;2006T4;7,88
Total;Ambos sexos;12 Galicia;2007T1;8,72
Total;Ambos sexos;12 Galicia;2007T2;7,50
Total;Ambos sexos;12 Galicia;2007T3;6,63
Total;Ambos sexos;12 Galicia;2007T4;7,46
Total;Ambos sexos;12 Galicia;2008T1;8,34
Total;Ambos sexos;12 Galicia;2008T2;8,25
Total;Ambos sexos;12 Galicia;2008T3;8,31
Total;Ambos sexos;12 Galicia;2008T4;9,64
Total;Ambos sexos;12 Galicia;2009T1;12,09
Total;Ambos sexos;12 Galicia;2009T2;12,63
Total;Ambos sexos;12 Galicia;2009T3;12,23
Total;Ambos sexos;12 Galicia;2009T4;12,80
Total;Ambos sexos;12 Galicia;2010T1;15,39
Total;Ambos sexos;12 Galicia;2010T2;15,49
Total;Ambos sexos;12 Galicia;2010T3;14,80
Total;Ambos sexos;12 Galicia;2010T4;15,62
Total;Ambos sexos;12 Galicia;2011T1;17,19
Total;Ambos sexos;12 Galicia;2011T2;16,63
Total;Ambos sexos;12 Galicia;2011T3;17,05
Total;Ambos sexos;12 Galicia;2011T4;18,17
Total;Ambos sexos;12 Galicia;2012T1;20,10
Total;Ambos sexos;12 Galicia;2012T2;20,93
Total;Ambos sexos;12 Galicia;2012T3;19,97
Total;Ambos sexos;12 Galicia;2012T4;21,13
Total;Ambos sexos;12 Galicia;2013T1;22,26
Total;Ambos sexos;12 Galicia;2013T2;22,41
Total;Ambos sexos;12 Galicia;2013T3;21,62
Total;Ambos sexos;12 Galicia;2013T4;21,88
Total;Ambos sexos;12 Galicia;2014T1;23,20
Total;Ambos sexos;12 Galicia;2014T2;22,29
Total;Ambos sexos;12 Galicia;2014T3;20,25
Total;Ambos sexos;12 Galicia;2014T4;20,87
Total;Ambos sexos;12 Galicia;2015T1;21,83
Total;Ambos sexos;12 Galicia;2015T2;20,00
Total;Ambos sexos;12 Galicia;2015T3;17,66
Total;Ambos sexos;12 Galicia;2015T4;17,74
Total;Ambos sexos;12 Galicia;2016T1;18,24
Total;Ambos sexos;12 Galicia;2016T2;17,74
Total;Ambos sexos;12 Galicia;2016T3;16,35
Total;Ambos sexos;12 Galicia;2016T4;16,29
Total;Ambos sexos;12 Galicia;2017T1;17,36
Total;Ambos sexos;12 Galicia;2017T2;16,11
Total;Ambos sexos;12 Galicia;2017T3;14,49
Total;Ambos sexos;12 Galicia;2017T4;14,71
Total;Ambos sexos;12 Galicia;2018T1;15,08
Total;Ambos sexos;12 Galicia;2018T2;13,99
Total;Ambos sexos;12 Galicia;2018T3;12,24
Total;Ambos sexos;12 Galicia;2018T4;12,04
Total;Ambos sexos;12 Galicia;2019T1;12,47
Total;Ambos sexos;12 Galicia;2019T2;11,33
Total;Ambos sexos;12 Galicia;2019T3;11,49
Total;Ambos sexos;12 Galicia;2019T4;11,74
Total;Ambos sexos;12 Galicia;2020T1;12,65
Total;Ambos sexos;12 Galicia;2020T2;11,95
Total;Ambos sexos;12 Galicia;2020T3;11,80
Total;Ambos sexos;12 Galicia;2020T4;11,66
Total;Ambos sexos;12 Galicia;2021T1;12,83
Total;Ambos sexos;12 Galicia;2021T2;12,26
Total;Ambos sexos;12 Galicia;2021T3;10,15
Total;Ambos sexos;12 Galicia;2021T4;10,94
Total;Ambos sexos;12 Galicia;2022T1;11,45
Total;Ambos sexos;12 Galicia;2022T2;11,15
Total;Ambos sexos;12 Galicia;2022T3;10,91
Total;Ambos sexos;12 Galicia;2022T4;10,65
Total;Ambos sexos;12 Galicia;2023T1;10,90
Total;Ambos sexos;12 Galicia;2023T2;9,38
Total;Ambos sexos;12 Galicia;2023T3;9,40
Total;Ambos sexos;12 Galicia;2023T4;9,19
Total;Ambos sexos;12 Galicia;2024T1;10,45
Total;Ambos sexos;12 Galicia;2024T2;9,54
Total;Ambos sexos;12 Galicia;2024T3;8,84
Total;Ambos sexos;12 Galicia;2024T4;8,67
Total;Ambos sexos;13 Madrid, Comunidad de;2005T1;8,26
Total;Ambos sexos;13 Madrid, Comunidad de;2005T2;6,96
Total;Ambos sexos;13 Madrid, Comunidad de;2005T3;6,22
Total;Ambos sexos;13 Madrid, Comunidad de;2005T4;5,90
Total;Ambos sexos;13 Madrid, Comunidad de;2006T1;5,87
Total;Ambos sexos;13 Madrid, Comunidad de;2006T2;6,91
Total;Ambos sexos;13 Madrid, Comunidad de;2006T3;5,97
Total;Ambos sexos;13 Madrid, Comunidad de;2006T4;6,46
Total;Ambos sexos;13 Madrid, Comunidad de;2007T1;6,43
Total;Ambos sexos;13 Madrid, Comunidad de;2007T2;6,17
Total;Ambos sexos;13 Madrid, Comunidad de;2007T3;5,97
Total;Ambos sexos;13 Madrid, Comunidad de;2007T4;6,40
Total;Ambos sexos;13 Madrid, Comunidad de;2008T1;7,39
Total;Ambos sexos;13 Madrid, Comunidad de;2008T2;8,67
Total;Ambos sexos;13 Madrid, Comunidad de;2008T3;8,32
Total;Ambos sexos;13 Madrid, Comunidad de;2008T4;10,02
Total;Ambos sexos;13 Madrid, Comunidad de;2009T1;13,36
Total;Ambos sexos;13 Madrid, Comunidad de;2009T2;13,40
Total;Ambos sexos;13 Madrid, Comunidad de;2009T3;14,18
Total;Ambos sexos;13 Madrid, Comunidad de;2009T4;14,48
Total;Ambos sexos;13 Madrid, Comunidad de;2010T1;15,89
Total;Ambos sexos;13 Madrid, Comunidad de;2010T2;16,18
Total;Ambos sexos;13 Madrid, Comunidad de;2010T3;15,76
Total;Ambos sexos;13 Madrid, Comunidad de;2010T4;15,54
Total;Ambos sexos;13 Madrid, Comunidad de;2011T1;15,18
Total;Ambos sexos;13 Madrid, Comunidad de;2011T2;15,62
Total;Ambos sexos;13 Madrid, Comunidad de;2011T3;16,59
Total;Ambos sexos;13 Madrid, Comunidad de;2011T4;17,96
Total;Ambos sexos;13 Madrid, Comunidad de;2012T1;18,15
Total;Ambos sexos;13 Madrid, Comunidad de;2012T2;18,42
Total;Ambos sexos;13 Madrid, Comunidad de;2012T3;18,23
Total;Ambos sexos;13 Madrid, Comunidad de;2012T4;19,32
Total;Ambos sexos;13 Madrid, Comunidad de;2013T1;19,99
Total;Ambos sexos;13 Madrid, Comunidad de;2013T2;19,20
Total;Ambos sexos;13 Madrid, Comunidad de;2013T3;19,41
Total;Ambos sexos;13 Madrid, Comunidad de;2013T4;20,45
Total;Ambos sexos;13 Madrid, Comunidad de;2014T1;20,43
Total;Ambos sexos;13 Madrid, Comunidad de;2014T2;19,03
Total;Ambos sexos;13 Madrid, Comunidad de;2014T3;17,53
Total;Ambos sexos;13 Madrid, Comunidad de;2014T4;18,00
Total;Ambos sexos;13 Madrid, Comunidad de;2015T1;17,79
Total;Ambos sexos;13 Madrid, Comunidad de;2015T2;17,66
Total;Ambos sexos;13 Madrid, Comunidad de;2015T3;16,27
Total;Ambos sexos;13 Madrid, Comunidad de;2015T4;16,51
Total;Ambos sexos;13 Madrid, Comunidad de;2016T1;16,81
Total;Ambos sexos;13 Madrid, Comunidad de;2016T2;16,25
Total;Ambos sexos;13 Madrid, Comunidad de;2016T3;15,19
Total;Ambos sexos;13 Madrid, Comunidad de;2016T4;14,60
Total;Ambos sexos;13 Madrid, Comunidad de;2017T1;14,23
Total;Ambos sexos;13 Madrid, Comunidad de;2017T2;13,04
Total;Ambos sexos;13 Madrid, Comunidad de;2017T3;12,35
Total;Ambos sexos;13 Madrid, Comunidad de;2017T4;13,75
Total;Ambos sexos;13 Madrid, Comunidad de;2018T1;13,40
Total;Ambos sexos;13 Madrid, Comunidad de;2018T2;12,08
Total;Ambos sexos;13 Madrid, Comunidad de;2018T3;11,86
Total;Ambos sexos;13 Madrid, Comunidad de;2018T4;11,54
Total;Ambos sexos;13 Madrid, Comunidad de;2019T1;11,70
Total;Ambos sexos;13 Madrid, Comunidad de;2019T2;10,54
Total;Ambos sexos;13 Madrid, Comunidad de;2019T3;10,26
Total;Ambos sexos;13 Madrid, Comunidad de;2019T4;9,99
Total;Ambos sexos;13 Madrid, Comunidad de;2020T1;10,60
Total;Ambos sexos;13 Madrid, Comunidad de;2020T2;12,61
Total;Ambos sexos;13 Madrid, Comunidad de;2020T3;13,25
Total;Ambos sexos;13 Madrid, Comunidad de;2020T4;13,53
Total;Ambos sexos;13 Madrid, Comunidad de;2021T1;12,24
Total;Ambos sexos;13 Madrid, Comunidad de;2021T2;12,20
Total;Ambos sexos;13 Madrid, Comunidad de;2021T3;12,13
Total;Ambos sexos;13 Madrid, Comunidad de;2021T4;10,18
Total;Ambos sexos;13 Madrid, Comunidad de;2022T1;11,72
Total;Ambos sexos;13 Madrid, Comunidad de;2022T2;10,70
Total;Ambos sexos;13 Madrid, Comunidad de;2022T3;11,11
Total;Ambos sexos;13 Madrid, Comunidad de;2022T4;11,33
Total;Ambos sexos;13 Madrid, Comunidad de;2023T1;10,83
Total;Ambos sexos;13 Madrid, Comunidad de;2023T2;9,11
Total;Ambos sexos;13 Madrid, Comunidad de;2023T3;10,24
Total;Ambos sexos;13 Madrid, Comunidad de;2023T4;9,64
Total;Ambos sexos;13 Madrid, Comunidad de;2024T1;9,19
Total;Ambos sexos;13 Madrid, Comunidad de;2024T2;8,48
Total;Ambos sexos;13 Madrid, Comunidad de;2024T3;9,65
Total;Ambos sexos;13 Madrid, Comunidad de;2024T4;8,58
Total;Ambos sexos;14 Murcia, Región de;2005T1;9,01
Total;Ambos sexos;14 Murcia, Región de;2005T2;8,06
Total;Ambos sexos;14 Murcia, Región de;2005T3;7,65
Total;Ambos sexos;14 Murcia, Región de;2005T4;7,43
Total;Ambos sexos;14 Murcia, Región de;2006T1;7,75
Total;Ambos sexos;14 Murcia, Región de;2006T2;8,03
Total;Ambos sexos;14 Murcia, Región de;2006T3;7,88
Total;Ambos sexos;14 Murcia, Región de;2006T4;7,85
Total;Ambos sexos;14 Murcia, Región de;2007T1;7,21
Total;Ambos sexos;14 Murcia, Región de;2007T2;6,49
Total;Ambos sexos;14 Murcia, Región de;2007T3;8,21
Total;Ambos sexos;14 Murcia, Región de;2007T4;8,25
Total;Ambos sexos;14 Murcia, Región de;2008T1;9,38
Total;Ambos sexos;14 Murcia, Región de;2008T2;11,30
Total;Ambos sexos;14 Murcia, Región de;2008T3;13,75
Total;Ambos sexos;14 Murcia, Región de;2008T4;15,29
Total;Ambos sexos;14 Murcia, Región de;2009T1;18,99
Total;Ambos sexos;14 Murcia, Región de;2009T2;19,93
Total;Ambos sexos;14 Murcia, Región de;2009T3;20,55
Total;Ambos sexos;14 Murcia, Región de;2009T4;21,84
Total;Ambos sexos;14 Murcia, Región de;2010T1;22,70
Total;Ambos sexos;14 Murcia, Región de;2010T2;20,86
Total;Ambos sexos;14 Murcia, Región de;2010T3;23,44
Total;Ambos sexos;14 Murcia, Región de;2010T4;24,45
Total;Ambos sexos;14 Murcia, Región de;2011T1;25,55
Total;Ambos sexos;14 Murcia, Región de;2011T2;23,97
Total;Ambos sexos;14 Murcia, Región de;2011T3;24,11
Total;Ambos sexos;14 Murcia, Región de;2011T4;26,31
Total;Ambos sexos;14 Murcia, Región de;2012T1;26,68
Total;Ambos sexos;14 Murcia, Región de;2012T2;26,07
Total;Ambos sexos;14 Murcia, Región de;2012T3;28,34
Total;Ambos sexos;14 Murcia, Región de;2012T4;29,37
Total;Ambos sexos;14 Murcia, Región de;2013T1;29,91
Total;Ambos sexos;14 Murcia, Región de;2013T2;28,79
Total;Ambos sexos;14 Murcia, Región de;2013T3;28,72
Total;Ambos sexos;14 Murcia, Región de;2013T4;28,50
Total;Ambos sexos;14 Murcia, Región de;2014T1;27,71
Total;Ambos sexos;14 Murcia, Región de;2014T2;25,12
Total;Ambos sexos;14 Murcia, Región de;2014T3;26,25
Total;Ambos sexos;14 Murcia, Región de;2014T4;27,26
Total;Ambos sexos;14 Murcia, Región de;2015T1;26,69
Total;Ambos sexos;14 Murcia, Región de;2015T2;24,77
Total;Ambos sexos;14 Murcia, Región de;2015T3;23,49
Total;Ambos sexos;14 Murcia, Región de;2015T4;23,51
Total;Ambos sexos;14 Murcia, Región de;2016T1;22,10
Total;Ambos sexos;14 Murcia, Región de;2016T2;18,70
Total;Ambos sexos;14 Murcia, Región de;2016T3;19,75
Total;Ambos sexos;14 Murcia, Región de;2016T4;18,58
Total;Ambos sexos;14 Murcia, Región de;2017T1;19,34
Total;Ambos sexos;14 Murcia, Región de;2017T2;17,47
Total;Ambos sexos;14 Murcia, Región de;2017T3;18,11
Total;Ambos sexos;14 Murcia, Región de;2017T4;17,21
Total;Ambos sexos;14 Murcia, Región de;2018T1;18,60
Total;Ambos sexos;14 Murcia, Región de;2018T2;16,29
Total;Ambos sexos;14 Murcia, Región de;2018T3;16,33
Total;Ambos sexos;14 Murcia, Región de;2018T4;15,83
Total;Ambos sexos;14 Murcia, Región de;2019T1;15,12
Total;Ambos sexos;14 Murcia, Región de;2019T2;13,36
Total;Ambos sexos;14 Murcia, Región de;2019T3;14,16
Total;Ambos sexos;14 Murcia, Región de;2019T4;16,08
Total;Ambos sexos;14 Murcia, Región de;2020T1;16,46
Total;Ambos sexos;14 Murcia, Región de;2020T2;15,62
Total;Ambos sexos;14 Murcia, Región de;2020T3;17,21
Total;Ambos sexos;14 Murcia, Región de;2020T4;15,39
Total;Ambos sexos;14 Murcia, Región de;2021T1;16,88
Total;Ambos sexos;14 Murcia, Región de;2021T2;13,62
Total;Ambos sexos;14 Murcia, Región de;2021T3;15,20
Total;Ambos sexos;14 Murcia, Región de;2021T4;13,19
Total;Ambos sexos;14 Murcia, Región de;2022T1;13,64
Total;Ambos sexos;14 Murcia, Región de;2022T2;12,53
Total;Ambos sexos;14 Murcia, Región de;2022T3;15,16
Total;Ambos sexos;14 Murcia, Región de;2022T4;13,01
Total;Ambos sexos;14 Murcia, Región de;2023T1;13,65
Total;Ambos sexos;14 Murcia, Región de;2023T2;12,46
Total;Ambos sexos;14 Murcia, Región de;2023T3;13,53
Total;Ambos sexos;14 Murcia, Región de;2023T4;11,46
Total;Ambos sexos;14 Murcia, Región de;2024T1;12,95
Total;Ambos sexos;14 Murcia, Región de;2024T2;12,63
Total;Ambos sexos;14 Murcia, Región de;2024T3;11,95
Total;Ambos sexos;14 Murcia, Región de;2024T4;13,40
Total;Ambos sexos;15 Navarra, Comunidad Foral de;2005T1;6,17
Total;Ambos sexos;15 Navarra, Comunidad Foral de;2005T2;5,27
Total;Ambos sexos;15 Navarra, Comunidad Foral de;2005T3;5,26
Total;Ambos sexos;15 Navarra, Comunidad Foral de;2005T4;5,92
Total;Ambos sexos;15 Navarra, Comunidad Foral de;2006T1;6,25
Total;Ambos sexos;15 Navarra, Comunidad Foral de;2006T2;5,69
Total;Ambos sexos;15 Navarra, Comunidad Foral de;2006T3;4,97
Total;Ambos sexos;15 Navarra, Comunidad Foral de;2006T4;4,59
Total;Ambos sexos;15 Navarra, Comunidad Foral de;2007T1;5,13
Total;Ambos sexos;15 Navarra, Comunidad Foral de;2007T2;5,18
Total;Ambos sexos;15 Navarra, Comunidad Foral de;2007T3;4,29
Total;Ambos sexos;15 Navarra, Comunidad Foral de;2007T4;4,28
Total;Ambos sexos;15 Navarra, Comunidad Foral de;2008T1;6,14
Total;Ambos sexos;15 Navarra, Comunidad Foral de;2008T2;5,80
Total;Ambos sexos;15 Navarra, Comunidad Foral de;2008T3;7,25
Total;Ambos sexos;15 Navarra, Comunidad Foral de;2008T4;8,13
Total;Ambos sexos;15 Navarra, Comunidad Foral de;2009T1;10,51
Total;Ambos sexos;15 Navarra, Comunidad Foral de;2009T2;12,00
Total;Ambos sexos;15 Navarra, Comunidad Foral de;2009T3;10,31
Total;Ambos sexos;15 Navarra, Comunidad Foral de;2009T4;10,51
Total;Ambos sexos;15 Navarra, Comunidad Foral de;2010T1;12,31
Total;Ambos sexos;15 Navarra, Comunidad Foral de;2010T2;11,02
Total;Ambos sexos;15 Navarra, Comunidad Foral de;2010T3;12,51
Total;Ambos sexos;15 Navarra, Comunidad Foral de;2010T4;11,77
Total;Ambos sexos;15 Navarra, Comunidad Foral de;2011T1;13,53
Total;Ambos sexos;15 Navarra, Comunidad Foral de;2011T2;12,87
Total;Ambos sexos;15 Navarra, Comunidad Foral de;2011T3;11,75
Total;Ambos sexos;15 Navarra, Comunidad Foral de;2011T4;13,80
Total;Ambos sexos;15 Navarra, Comunidad Foral de;2012T1;16,21
Total;Ambos sexos;15 Navarra, Comunidad Foral de;2012T2;16,30
Total;Ambos sexos;15 Navarra, Comunidad Foral de;2012T3;14,97
Total;Ambos sexos;15 Navarra, Comunidad Foral de;2012T4;17,17
Total;Ambos sexos;15 Navarra, Comunidad Foral de;2013T1;18,96
Total;Ambos sexos;15 Navarra, Comunidad Foral de;2013T2;18,40
Total;Ambos sexos;15 Navarra, Comunidad Foral de;2013T3;17,92
Total;Ambos sexos;15 Navarra, Comunidad Foral de;2013T4;16,44
Total;Ambos sexos;15 Navarra, Comunidad Foral de;2014T1;17,12
Total;Ambos sexos;15 Navarra, Comunidad Foral de;2014T2;15,88
Total;Ambos sexos;15 Navarra, Comunidad Foral de;2014T3;14,92
Total;Ambos sexos;15 Navarra, Comunidad Foral de;2014T4;14,92
Total;Ambos sexos;15 Navarra, Comunidad Foral de;2015T1;15,66
Total;Ambos sexos;15 Navarra, Comunidad Foral de;2015T2;12,55
Total;Ambos sexos;15 Navarra, Comunidad Foral de;2015T3;13,57
Total;Ambos sexos;15 Navarra, Comunidad Foral de;2015T4;13,53
Total;Ambos sexos;15 Navarra, Comunidad Foral de;2016T1;14,25
Total;Ambos sexos;15 Navarra, Comunidad Foral de;2016T2;13,27
Total;Ambos sexos;15 Navarra, Comunidad Foral de;2016T3;12,41
Total;Ambos sexos;15 Navarra, Comunidad Foral de;2016T4;10,01
Total;Ambos sexos;15 Navarra, Comunidad Foral de;2017T1;10,25
Total;Ambos sexos;15 Navarra, Comunidad Foral de;2017T2;10,55
Total;Ambos sexos;15 Navarra, Comunidad Foral de;2017T3;10,52
Total;Ambos sexos;15 Navarra, Comunidad Foral de;2017T4;9,63
Total;Ambos sexos;15 Navarra, Comunidad Foral de;2018T1;10,54
Total;Ambos sexos;15 Navarra, Comunidad Foral de;2018T2;9,93
Total;Ambos sexos;15 Navarra, Comunidad Foral de;2018T3;9,65
Total;Ambos sexos;15 Navarra, Comunidad Foral de;2018T4;9,99
Total;Ambos sexos;15 Navarra, Comunidad Foral de;2019T1;8,19
Total;Ambos sexos;15 Navarra, Comunidad Foral de;2019T2;7,58
Total;Ambos sexos;15 Navarra, Comunidad Foral de;2019T3;8,19
Total;Ambos sexos;15 Navarra, Comunidad Foral de;2019T4;9,01
Total;Ambos sexos;15 Navarra, Comunidad Foral de;2020T1;8,55
Total;Ambos sexos;15 Navarra, Comunidad Foral de;2020T2;10,08
Total;Ambos sexos;15 Navarra, Comunidad Foral de;2020T3;9,94
Total;Ambos sexos;15 Navarra, Comunidad Foral de;2020T4;11,65
Total;Ambos sexos;15 Navarra, Comunidad Foral de;2021T1;11,51
Total;Ambos sexos;15 Navarra, Comunidad Foral de;2021T2;10,36
Total;Ambos sexos;15 Navarra, Comunidad Foral de;2021T3;11,03
Total;Ambos sexos;15 Navarra, Comunidad Foral de;2021T4;9,95
Total;Ambos sexos;15 Navarra, Comunidad Foral de;2022T1;10,86
Total;Ambos sexos;15 Navarra, Comunidad Foral de;2022T2;9,09
Total;Ambos sexos;15 Navarra, Comunidad Foral de;2022T3;8,82
Total;Ambos sexos;15 Navarra, Comunidad Foral de;2022T4;10,17
Total;Ambos sexos;15 Navarra, Comunidad Foral de;2023T1;12,22
Total;Ambos sexos;15 Navarra, Comunidad Foral de;2023T2;8,88
Total;Ambos sexos;15 Navarra, Comunidad Foral de;2023T3;9,43
Total;Ambos sexos;15 Navarra, Comunidad Foral de;2023T4;9,25
Total;Ambos sexos;15 Navarra, Comunidad Foral de;2024T1;8,82
Total;Ambos sexos;15 Navarra, Comunidad Foral de;2024T2;7,42
Total;Ambos sexos;15 Navarra, Comunidad Foral de;2024T3;7,72
Total;Ambos sexos;15 Navarra, Comunidad Foral de;2024T4;6,60
Total;Ambos sexos;16 País Vasco;2005T1;8,01
Total;Ambos sexos;16 País Vasco;2005T2;7,70
Total;Ambos sexos;16 País Vasco;2005T3;7,49
Total;Ambos sexos;16 País Vasco;2005T4;6,45
Total;Ambos sexos;16 País Vasco;2006T1;7,80
Total;Ambos sexos;16 País Vasco;2006T2;7,25
Total;Ambos sexos;16 País Vasco;2006T3;6,69
Total;Ambos sexos;16 País Vasco;2006T4;6,92
Total;Ambos sexos;16 País Vasco;2007T1;6,64
Total;Ambos sexos;16 País Vasco;2007T2;6,19
Total;Ambos sexos;16 País Vasco;2007T3;6,16
Total;Ambos sexos;16 País Vasco;2007T4;5,90
Total;Ambos sexos;16 País Vasco;2008T1;5,80
Total;Ambos sexos;16 País Vasco;2008T2;5,77
Total;Ambos sexos;16 País Vasco;2008T3;6,44
Total;Ambos sexos;16 País Vasco;2008T4;8,48
Total;Ambos sexos;16 País Vasco;2009T1;10,61
Total;Ambos sexos;16 País Vasco;2009T2;10,76
Total;Ambos sexos;16 País Vasco;2009T3;11,85
Total;Ambos sexos;16 País Vasco;2009T4;12,13
Total;Ambos sexos;16 País Vasco;2010T1;11,10
Total;Ambos sexos;16 País Vasco;2010T2;10,60
Total;Ambos sexos;16 País Vasco;2010T3;10,08
Total;Ambos sexos;16 País Vasco;2010T4;10,98
Total;Ambos sexos;16 País Vasco;2011T1;11,92
Total;Ambos sexos;16 País Vasco;2011T2;11,83
Total;Ambos sexos;16 País Vasco;2011T3;12,48
Total;Ambos sexos;16 País Vasco;2011T4;13,16
Total;Ambos sexos;16 País Vasco;2012T1;14,25
Total;Ambos sexos;16 País Vasco;2012T2;15,29
Total;Ambos sexos;16 País Vasco;2012T3;16,25
Total;Ambos sexos;16 País Vasco;2012T4;16,60
Total;Ambos sexos;16 País Vasco;2013T1;17,08
Total;Ambos sexos;16 País Vasco;2013T2;16,18
Total;Ambos sexos;16 País Vasco;2013T3;16,45
Total;Ambos sexos;16 País Vasco;2013T4;16,58
Total;Ambos sexos;16 País Vasco;2014T1;17,36
Total;Ambos sexos;16 País Vasco;2014T2;16,13
Total;Ambos sexos;16 País Vasco;2014T3;15,21
Total;Ambos sexos;16 País Vasco;2014T4;16,60
Total;Ambos sexos;16 País Vasco;2015T1;16,43
Total;Ambos sexos;16 País Vasco;2015T2;15,98
Total;Ambos sexos;16 País Vasco;2015T3;13,76
Total;Ambos sexos;16 País Vasco;2015T4;12,89
Total;Ambos sexos;16 País Vasco;2016T1;12,80
Total;Ambos sexos;16 País Vasco;2016T2;12,50
Total;Ambos sexos;16 País Vasco;2016T3;12,80
Total;Ambos sexos;16 País Vasco;2016T4;12,27
Total;Ambos sexos;16 País Vasco;2017T1;11,86
Total;Ambos sexos;16 País Vasco;2017T2;11,23
Total;Ambos sexos;16 País Vasco;2017T3;11,56
Total;Ambos sexos;16 País Vasco;2017T4;10,57
Total;Ambos sexos;16 País Vasco;2018T1;10,76
Total;Ambos sexos;16 País Vasco;2018T2;10,12
Total;Ambos sexos;16 País Vasco;2018T3;9,42
Total;Ambos sexos;16 País Vasco;2018T4;9,58
Total;Ambos sexos;16 País Vasco;2019T1;9,62
Total;Ambos sexos;16 País Vasco;2019T2;8,63
Total;Ambos sexos;16 País Vasco;2019T3;9,26
Total;Ambos sexos;16 País Vasco;2019T4;9,09
Total;Ambos sexos;16 País Vasco;2020T1;8,72
Total;Ambos sexos;16 País Vasco;2020T2;9,13
Total;Ambos sexos;16 País Vasco;2020T3;10,34
Total;Ambos sexos;16 País Vasco;2020T4;9,96
Total;Ambos sexos;16 País Vasco;2021T1;11,64
Total;Ambos sexos;16 País Vasco;2021T2;10,21
Total;Ambos sexos;16 País Vasco;2021T3;10,23
Total;Ambos sexos;16 País Vasco;2021T4;9,11
Total;Ambos sexos;16 País Vasco;2022T1;9,08
Total;Ambos sexos;16 País Vasco;2022T2;8,97
Total;Ambos sexos;16 País Vasco;2022T3;8,51
Total;Ambos sexos;16 País Vasco;2022T4;8,97
Total;Ambos sexos;16 País Vasco;2023T1;8,63
Total;Ambos sexos;16 País Vasco;2023T2;7,32
Total;Ambos sexos;16 País Vasco;2023T3;8,61
Total;Ambos sexos;16 País Vasco;2023T4;6,38
Total;Ambos sexos;16 País Vasco;2024T1;8,53
Total;Ambos sexos;16 País Vasco;2024T2;8,11
Total;Ambos sexos;16 País Vasco;2024T3;7,61
Total;Ambos sexos;16 País Vasco;2024T4;8,17
Total;Ambos sexos;17 Rioja, La;2005T1;7,62
Total;Ambos sexos;17 Rioja, La;2005T2;6,42
Total;Ambos sexos;17 Rioja, La;2005T3;4,77
Total;Ambos sexos;17 Rioja, La;2005T4;6,69
Total;Ambos sexos;17 Rioja, La;2006T1;5,85
Total;Ambos sexos;17 Rioja, La;2006T2;5,99
Total;Ambos sexos;17 Rioja, La;2006T3;5,73
Total;Ambos sexos;17 Rioja, La;2006T4;6,88
Total;Ambos sexos;17 Rioja, La;2007T1;6,70
Total;Ambos sexos;17 Rioja, La;2007T2;5,07
Total;Ambos sexos;17 Rioja, La;2007T3;5,42
Total;Ambos sexos;17 Rioja, La;2007T4;5,88
Total;Ambos sexos;17 Rioja, La;2008T1;6,63
Total;Ambos sexos;17 Rioja, La;2008T2;6,89
Total;Ambos sexos;17 Rioja, La;2008T3;8,25
Total;Ambos sexos;17 Rioja, La;2008T4;9,80
Total;Ambos sexos;17 Rioja, La;2009T1;11,27
Total;Ambos sexos;17 Rioja, La;2009T2;12,57
Total;Ambos sexos;17 Rioja, La;2009T3;12,99
Total;Ambos sexos;17 Rioja, La;2009T4;13,76
Total;Ambos sexos;17 Rioja, La;2010T1;14,86
Total;Ambos sexos;17 Rioja, La;2010T2;12,17
Total;Ambos sexos;17 Rioja, La;2010T3;13,97
Total;Ambos sexos;17 Rioja, La;2010T4;15,58
Total;Ambos sexos;17 Rioja, La;2011T1;15,77
Total;Ambos sexos;17 Rioja, La;2011T2;16,75
Total;Ambos sexos;17 Rioja, La;2011T3;17,70
Total;Ambos sexos;17 Rioja, La;2011T4;18,61
Total;Ambos sexos;17 Rioja, La;2012T1;20,10
Total;Ambos sexos;17 Rioja, La;2012T2;22,81
Total;Ambos sexos;17 Rioja, La;2012T3;20,54
Total;Ambos sexos;17 Rioja, La;2012T4;18,82
Total;Ambos sexos;17 Rioja, La;2013T1;19,26
Total;Ambos sexos;17 Rioja, La;2013T2;20,94
Total;Ambos sexos;17 Rioja, La;2013T3;19,70
Total;Ambos sexos;17 Rioja, La;2013T4;20,24
Total;Ambos sexos;17 Rioja, La;2014T1;19,58
Total;Ambos sexos;17 Rioja, La;2014T2;17,66
Total;Ambos sexos;17 Rioja, La;2014T3;18,23
Total;Ambos sexos;17 Rioja, La;2014T4;17,17
Total;Ambos sexos;17 Rioja, La;2015T1;17,58
Total;Ambos sexos;17 Rioja, La;2015T2;16,39
Total;Ambos sexos;17 Rioja, La;2015T3;13,59
Total;Ambos sexos;17 Rioja, La;2015T4;13,97
Total;Ambos sexos;17 Rioja, La;2016T1;14,38
Total;Ambos sexos;17 Rioja, La;2016T2;15,29
Total;Ambos sexos;17 Rioja, La;2016T3;13,57
Total;Ambos sexos;17 Rioja, La;2016T4;10,90
Total;Ambos sexos;17 Rioja, La;2017T1;12,92
Total;Ambos sexos;17 Rioja, La;2017T2;10,92
Total;Ambos sexos;17 Rioja, La;2017T3;12,62
Total;Ambos sexos;17 Rioja, La;2017T4;11,51
Total;Ambos sexos;17 Rioja, La;2018T1;11,03
Total;Ambos sexos;17 Rioja, La;2018T2;10,68
Total;Ambos sexos;17 Rioja, La;2018T3;9,60
Total;Ambos sexos;17 Rioja, La;2018T4;10,30
Total;Ambos sexos;17 Rioja, La;2019T1;11,10
Total;Ambos sexos;17 Rioja, La;2019T2;9,86
Total;Ambos sexos;17 Rioja, La;2019T3;8,99
Total;Ambos sexos;17 Rioja, La;2019T4;9,89
Total;Ambos sexos;17 Rioja, La;2020T1;11,21
Total;Ambos sexos;17 Rioja, La;2020T2;10,11
Total;Ambos sexos;17 Rioja, La;2020T3;11,52
Total;Ambos sexos;17 Rioja, La;2020T4;10,36
Total;Ambos sexos;17 Rioja, La;2021T1;12,02
Total;Ambos sexos;17 Rioja, La;2021T2;11,49
Total;Ambos sexos;17 Rioja, La;2021T3;12,38
Total;Ambos sexos;17 Rioja, La;2021T4;10,53
Total;Ambos sexos;17 Rioja, La;2022T1;11,33
Total;Ambos sexos;17 Rioja, La;2022T2;10,42
Total;Ambos sexos;17 Rioja, La;2022T3;7,93
Total;Ambos sexos;17 Rioja, La;2022T4;8,52
Total;Ambos sexos;17 Rioja, La;2023T1;10,26
Total;Ambos sexos;17 Rioja, La;2023T2;7,75
Total;Ambos sexos;17 Rioja, La;2023T3;9,78
Total;Ambos sexos;17 Rioja, La;2023T4;9,71
Total;Ambos sexos;17 Rioja, La;2024T1;11,04
Total;Ambos sexos;17 Rioja, La;2024T2;9,14
Total;Ambos sexos;17 Rioja, La;2024T3;10,22
Total;Ambos sexos;17 Rioja, La;2024T4;8,58
