DATAFLOW,LAST UPDATE,freq,unit,coicop,geo,TIME_PERIOD,OBS_VALUE,OBS_FLAG,CONF_STATUS
ESTAT:PRC_HICP_MIDX(1.0),01/04/25 11:00:00,Monthly,"Index, 2015=100",Actual rentals for housing,Albania,2023-09,113.37,d,
ESTAT:PRC_HICP_MIDX(1.0),01/04/25 11:00:00,Monthly,"Index, 2015=100",Actual rentals for housing,Albania,2023-10,113.45,d,
ESTAT:PRC_HICP_MIDX(1.0),01/04/25 11:00:00,Monthly,"Index, 2015=100",Actual rentals for housing,Albania,2023-11,113.58,d,
ESTAT:PRC_HICP_MIDX(1.0),01/04/25 11:00:00,Monthly,"Index, 2015=100",Actual rentals for housing,Albania,2023-12,114.56,d,
ESTAT:PRC_HICP_MIDX(1.0),01/04/25 11:00:00,Monthly,"Index, 2015=100",Actual rentals for housing,Albania,2024-01,114.56,d,
ESTAT:PRC_HICP_MIDX(1.0),01/04/25 11:00:00,Monthly,"Index, 2015=100",Actual rentals for housing,Albania,2024-02,114.57,d,
ESTAT:PRC_HICP_MIDX(1.0),01/04/25 11:00:00,Monthly,"Index, 2015=100",Actual rentals for housing,Albania,2024-03,114.61,d,
ESTAT:PRC_HICP_MIDX(1.0),01/04/25 11:00:00,Monthly,"Index, 2015=100",Actual rentals for housing,Albania,2024-04,114.61,d,
ESTAT:PRC_HICP_MIDX(1.0),01/04/25 11:00:00,Monthly,"Index, 2015=100",Actual rentals for housing,Albania,2024-05,114.61,d,
ESTAT:PRC_HICP_MIDX(1.0),01/04/25 11:00:00,Monthly,"Index, 2015=100",Actual rentals for housing,Albania,2024-06,114.61,d,
ESTAT:PRC_HICP_MIDX(1.0),01/04/25 11:00:00,Monthly,"Index, 2015=100",Actual rentals for housing,Austria,2023-09,134.92,,
ESTAT:PRC_HICP_MIDX(1.0),01/04/25 11:00:00,Monthly,"Index, 2015=100",Actual rentals for housing,Austria,2023-10,136.10,,
ESTAT:PRC_HICP_MIDX(1.0),01/04/25 11:00:00,Monthly,"Index, 2015=100",Actual rentals for housing,Austria,2023-11,137.05,,
ESTAT:PRC_HICP_MIDX(1.0),01/04/25 11:00:00,Monthly,"Index, 2015=100",Actual rentals for housing,Austria,2023-12,137.94,,
ESTAT:PRC_HICP_MIDX(1.0),01/04/25 11:00:00,Monthly,"Index, 2015=100",Actual rentals for housing,Austria,2024-01,138.80,,
ESTAT:PRC_HICP_MIDX(1.0),01/04/25 11:00:00,Monthly,"Index, 2015=100",Actual rentals for housing,Austria,2024-02,139.03,,
ESTAT:PRC_HICP_MIDX(1.0),01/04/25 11:00:00,Monthly,"Index, 2015=100",Actual rentals for housing,Austria,2024-03,139.51,,
ESTAT:PRC_HICP_MIDX(1.0),01/04/25 11:00:00,Monthly,"Index, 2015=100",Actual rentals for housing,Austria,2024-04,139.80,,
ESTAT:PRC_HICP_MIDX(1.0),01/04/25 11:00:00,Monthly,"Index, 2015=100",Actual rentals for housing,Austria,2024-05,140.14,,
ESTAT:PRC_HICP_MIDX(1.0),01/04/25 11:00:00,Monthly,"Index, 2015=100",Actual rentals for housing,Austria,2024-06,140.92,,
ESTAT:PRC_HICP_MIDX(1.0),01/04/25 11:00:00,Monthly,"Index, 2015=100",Actual rentals for housing,Belgium,2023-09,119.93,,
ESTAT:PRC_HICP_MIDX(1.0),01/04/25 11:00:00,Monthly,"Index, 2015=100",Actual rentals for housing,Belgium,2023-10,121.75,,
ESTAT:PRC_HICP_MIDX(1.0),01/04/25 11:00:00,Monthly,"Index, 2015=100",Actual rentals for housing,Belgium,2023-11,121.93,,
ESTAT:PRC_HICP_MIDX(1.0),01/04/25 11:00:00,Monthly,"Index, 2015=100",Actual rentals for housing,Belgium,2023-12,122.75,,
ESTAT:PRC_HICP_MIDX(1.0),01/04/25 11:00:00,Monthly,"Index, 2015=100",Actual rentals for housing,Belgium,2024-01,123.86,,
ESTAT:PRC_HICP_MIDX(1.0),01/04/25 11:00:00,Monthly,"Index, 2015=100",Actual rentals for housing,Belgium,2024-02,124.54,,
ESTAT:PRC_HICP_MIDX(1.0),01/04/25 11:00:00,Monthly,"Index, 2015=100",Actual rentals for housing,Belgium,2024-03,124.69,,
ESTAT:PRC_HICP_MIDX(1.0),01/04/25 11:00:00,Monthly,"Index, 2015=100",Actual rentals for housing,Belgium,2024-04,124.49,,
ESTAT:PRC_HICP_MIDX(1.0),01/04/25 11:00:00,Monthly,"Index, 2015=100",Actual rentals for housing,Belgium,2024-05,125.16,,
ESTAT:PRC_HICP_MIDX(1.0),01/04/25 11:00:00,Monthly,"Index, 2015=100",Actual rentals for housing,Belgium,2024-06,125.27,,
ESTAT:PRC_HICP_MIDX(1.0),01/04/25 11:00:00,Monthly,"Index, 2015=100",Actual rentals for housing,Bulgaria,2023-09,129.03,,
ESTAT:PRC_HICP_MIDX(1.0),01/04/25 11:00:00,Monthly,"Index, 2015=100",Actual rentals for housing,Bulgaria,2023-10,129.62,,
ESTAT:PRC_HICP_MIDX(1.0),01/04/25 11:00:00,Monthly,"Index, 2015=100",Actual rentals for housing,Bulgaria,2023-11,130.03,,
ESTAT:PRC_HICP_MIDX(1.0),01/04/25 11:00:00,Monthly,"Index, 2015=100",Actual rentals for housing,Bulgaria,2023-12,130.86,,
ESTAT:PRC_HICP_MIDX(1.0),01/04/25 11:00:00,Monthly,"Index, 2015=100",Actual rentals for housing,Bulgaria,2024-01,132.94,,
ESTAT:PRC_HICP_MIDX(1.0),01/04/25 11:00:00,Monthly,"Index, 2015=100",Actual rentals for housing,Bulgaria,2024-02,133.29,,
ESTAT:PRC_HICP_MIDX(1.0),01/04/25 11:00:00,Monthly,"Index, 2015=100",Actual rentals for housing,Bulgaria,2024-03,133.72,,
ESTAT:PRC_HICP_MIDX(1.0),01/04/25 11:00:00,Monthly,"Index, 2015=100",Actual rentals for housing,Bulgaria,2024-04,133.89,,
ESTAT:PRC_HICP_MIDX(1.0),01/04/25 11:00:00,Monthly,"Index, 2015=100",Actual rentals for housing,Bulgaria,2024-05,134.11,,
ESTAT:PRC_HICP_MIDX(1.0),01/04/25 11:00:00,Monthly,"Index, 2015=100",Actual rentals for housing,Bulgaria,2024-06,135.68,,
ESTAT:PRC_HICP_MIDX(1.0),01/04/25 11:00:00,Monthly,"Index, 2015=100",Actual rentals for housing,Switzerland,2023-09,107.77,e,
ESTAT:PRC_HICP_MIDX(1.0),01/04/25 11:00:00,Monthly,"Index, 2015=100",Actual rentals for housing,Switzerland,2023-10,107.86,e,
ESTAT:PRC_HICP_MIDX(1.0),01/04/25 11:00:00,Monthly,"Index, 2015=100",Actual rentals for housing,Switzerland,2023-11,108.85,,
ESTAT:PRC_HICP_MIDX(1.0),01/04/25 11:00:00,Monthly,"Index, 2015=100",Actual rentals for housing,Switzerland,2023-12,108.95,e,
ESTAT:PRC_HICP_MIDX(1.0),01/04/25 11:00:00,Monthly,"Index, 2015=100",Actual rentals for housing,Switzerland,2024-01,109.04,e,
ESTAT:PRC_HICP_MIDX(1.0),01/04/25 11:00:00,Monthly,"Index, 2015=100",Actual rentals for housing,Switzerland,2024-02,109.50,,
ESTAT:PRC_HICP_MIDX(1.0),01/04/25 11:00:00,Monthly,"Index, 2015=100",Actual rentals for housing,Switzerland,2024-03,109.64,e,
ESTAT:PRC_HICP_MIDX(1.0),01/04/25 11:00:00,Monthly,"Index, 2015=100",Actual rentals for housing,Switzerland,2024-04,109.80,e,
ESTAT:PRC_HICP_MIDX(1.0),01/04/25 11:00:00,Monthly,"Index, 2015=100",Actual rentals for housing,Switzerland,2024-05,110.57,,
ESTAT:PRC_HICP_MIDX(1.0),01/04/25 11:00:00,Monthly,"Index, 2015=100",Actual rentals for housing,Switzerland,2024-06,110.72,e,
ESTAT:PRC_HICP_MIDX(1.0),01/04/25 11:00:00,Monthly,"Index, 2015=100",Actual rentals for housing,Cyprus,2023-09,120.69,,
ESTAT:PRC_HICP_MIDX(1.0),01/04/25 11:00:00,Monthly,"Index, 2015=100",Actual rentals for housing,Cyprus,2023-10,121.60,,
ESTAT:PRC_HICP_MIDX(1.0),01/04/25 11:00:00,Monthly,"Index, 2015=100",Actual rentals for housing,Cyprus,2023-11,122.10,,
ESTAT:PRC_HICP_MIDX(1.0),01/04/25 11:00:00,Monthly,"Index, 2015=100",Actual rentals for housing,Cyprus,2023-12,122.15,,
ESTAT:PRC_HICP_MIDX(1.0),01/04/25 11:00:00,Monthly,"Index, 2015=100",Actual rentals for housing,Cyprus,2024-01,122.30,,
ESTAT:PRC_HICP_MIDX(1.0),01/04/25 11:00:00,Monthly,"Index, 2015=100",Actual rentals for housing,Cyprus,2024-02,122.62,,
ESTAT:PRC_HICP_MIDX(1.0),01/04/25 11:00:00,Monthly,"Index, 2015=100",Actual rentals for housing,Cyprus,2024-03,123.55,,
ESTAT:PRC_HICP_MIDX(1.0),01/04/25 11:00:00,Monthly,"Index, 2015=100",Actual rentals for housing,Cyprus,2024-04,123.91,,
ESTAT:PRC_HICP_MIDX(1.0),01/04/25 11:00:00,Monthly,"Index, 2015=100",Actual rentals for housing,Cyprus,2024-05,124.10,,
ESTAT:PRC_HICP_MIDX(1.0),01/04/25 11:00:00,Monthly,"Index, 2015=100",Actual rentals for housing,Cyprus,2024-06,125.15,,
ESTAT:PRC_HICP_MIDX(1.0),01/04/25 11:00:00,Monthly,"Index, 2015=100",Actual rentals for housing,Czechia,2023-09,133.2,,
ESTAT:PRC_HICP_MIDX(1.0),01/04/25 11:00:00,Monthly,"Index, 2015=100",Actual rentals for housing,Czechia,2023-10,134.0,,
ESTAT:PRC_HICP_MIDX(1.0),01/04/25 11:00:00,Monthly,"Index, 2015=100",Actual rentals for housing,Czechia,2023-11,134.3,,
ESTAT:PRC_HICP_MIDX(1.0),01/04/25 11:00:00,Monthly,"Index, 2015=100",Actual rentals for housing,Czechia,2023-12,134.6,,
ESTAT:PRC_HICP_MIDX(1.0),01/04/25 11:00:00,Monthly,"Index, 2015=100",Actual rentals for housing,Czechia,2024-01,135.8,,
ESTAT:PRC_HICP_MIDX(1.0),01/04/25 11:00:00,Monthly,"Index, 2015=100",Actual rentals for housing,Czechia,2024-02,136.5,,
ESTAT:PRC_HICP_MIDX(1.0),01/04/25 11:00:00,Monthly,"Index, 2015=100",Actual rentals for housing,Czechia,2024-03,137.5,,
ESTAT:PRC_HICP_MIDX(1.0),01/04/25 11:00:00,Monthly,"Index, 2015=100",Actual rentals for housing,Czechia,2024-04,138.4,,
ESTAT:PRC_HICP_MIDX(1.0),01/04/25 11:00:00,Monthly,"Index, 2015=100",Actual rentals for housing,Czechia,2024-05,139.0,,
ESTAT:PRC_HICP_MIDX(1.0),01/04/25 11:00:00,Monthly,"Index, 2015=100",Actual rentals for housing,Czechia,2024-06,139.1,,
ESTAT:PRC_HICP_MIDX(1.0),01/04/25 11:00:00,Monthly,"Index, 2015=100",Actual rentals for housing,Germany,2023-09,113.6,,
ESTAT:PRC_HICP_MIDX(1.0),01/04/25 11:00:00,Monthly,"Index, 2015=100",Actual rentals for housing,Germany,2023-10,113.7,,
ESTAT:PRC_HICP_MIDX(1.0),01/04/25 11:00:00,Monthly,"Index, 2015=100",Actual rentals for housing,Germany,2023-11,113.9,,
ESTAT:PRC_HICP_MIDX(1.0),01/04/25 11:00:00,Monthly,"Index, 2015=100",Actual rentals for housing,Germany,2023-12,114.0,,
ESTAT:PRC_HICP_MIDX(1.0),01/04/25 11:00:00,Monthly,"Index, 2015=100",Actual rentals for housing,Germany,2024-01,114.4,,
ESTAT:PRC_HICP_MIDX(1.0),01/04/25 11:00:00,Monthly,"Index, 2015=100",Actual rentals for housing,Germany,2024-02,114.6,,
ESTAT:PRC_HICP_MIDX(1.0),01/04/25 11:00:00,Monthly,"Index, 2015=100",Actual rentals for housing,Germany,2024-03,114.9,,
ESTAT:PRC_HICP_MIDX(1.0),01/04/25 11:00:00,Monthly,"Index, 2015=100",Actual rentals for housing,Germany,2024-04,115.1,,
ESTAT:PRC_HICP_MIDX(1.0),01/04/25 11:00:00,Monthly,"Index, 2015=100",Actual rentals for housing,Germany,2024-05,115.3,,
ESTAT:PRC_HICP_MIDX(1.0),01/04/25 11:00:00,Monthly,"Index, 2015=100",Actual rentals for housing,Germany,2024-06,115.5,,
ESTAT:PRC_HICP_MIDX(1.0),01/04/25 11:00:00,Monthly,"Index, 2015=100",Actual rentals for housing,Denmark,2023-09,113.1,,
ESTAT:PRC_HICP_MIDX(1.0),01/04/25 11:00:00,Monthly,"Index, 2015=100",Actual rentals for housing,Denmark,2023-10,113.1,,
ESTAT:PRC_HICP_MIDX(1.0),01/04/25 11:00:00,Monthly,"Index, 2015=100",Actual rentals for housing,Denmark,2023-11,113.4,,
ESTAT:PRC_HICP_MIDX(1.0),01/04/25 11:00:00,Monthly,"Index, 2015=100",Actual rentals for housing,Denmark,2023-12,113.4,,
ESTAT:PRC_HICP_MIDX(1.0),01/04/25 11:00:00,Monthly,"Index, 2015=100",Actual rentals for housing,Denmark,2024-01,113.4,,
ESTAT:PRC_HICP_MIDX(1.0),01/04/25 11:00:00,Monthly,"Index, 2015=100",Actual rentals for housing,Denmark,2024-02,114.8,,
ESTAT:PRC_HICP_MIDX(1.0),01/04/25 11:00:00,Monthly,"Index, 2015=100",Actual rentals for housing,Denmark,2024-03,114.8,,
ESTAT:PRC_HICP_MIDX(1.0),01/04/25 11:00:00,Monthly,"Index, 2015=100",Actual rentals for housing,Denmark,2024-04,114.8,,
ESTAT:PRC_HICP_MIDX(1.0),01/04/25 11:00:00,Monthly,"Index, 2015=100",Actual rentals for housing,Denmark,2024-05,115.0,,
ESTAT:PRC_HICP_MIDX(1.0),01/04/25 11:00:00,Monthly,"Index, 2015=100",Actual rentals for housing,Denmark,2024-06,115.0,,
ESTAT:PRC_HICP_MIDX(1.0),01/04/25 11:00:00,Monthly,"Index, 2015=100",Actual rentals for housing,"Euro area (EA11-1999, EA12-2001, EA13-2007, EA15-2008, EA16-2009, EA17-2011, EA18-2014, EA19-2015, EA20-2023)",2023-09,112.83,,
ESTAT:PRC_HICP_MIDX(1.0),01/04/25 11:00:00,Monthly,"Index, 2015=100",Actual rentals for housing,"Euro area (EA11-1999, EA12-2001, EA13-2007, EA15-2008, EA16-2009, EA17-2011, EA18-2014, EA19-2015, EA20-2023)",2023-10,113.08,,
ESTAT:PRC_HICP_MIDX(1.0),01/04/25 11:00:00,Monthly,"Index, 2015=100",Actual rentals for housing,"Euro area (EA11-1999, EA12-2001, EA13-2007, EA15-2008, EA16-2009, EA17-2011, EA18-2014, EA19-2015, EA20-2023)",2023-11,113.20,,
ESTAT:PRC_HICP_MIDX(1.0),01/04/25 11:00:00,Monthly,"Index, 2015=100",Actual rentals for housing,"Euro area (EA11-1999, EA12-2001, EA13-2007, EA15-2008, EA16-2009, EA17-2011, EA18-2014, EA19-2015, EA20-2023)",2023-12,113.45,,
ESTAT:PRC_HICP_MIDX(1.0),01/04/25 11:00:00,Monthly,"Index, 2015=100",Actual rentals for housing,"Euro area (EA11-1999, EA12-2001, EA13-2007, EA15-2008, EA16-2009, EA17-2011, EA18-2014, EA19-2015, EA20-2023)",2024-01,113.79,,
ESTAT:PRC_HICP_MIDX(1.0),01/04/25 11:00:00,Monthly,"Index, 2015=100",Actual rentals for housing,"Euro area (EA11-1999, EA12-2001, EA13-2007, EA15-2008, EA16-2009, EA17-2011, EA18-2014, EA19-2015, EA20-2023)",2024-02,114.30,,
ESTAT:PRC_HICP_MIDX(1.0),01/04/25 11:00:00,Monthly,"Index, 2015=100",Actual rentals for housing,"Euro area (EA11-1999, EA12-2001, EA13-2007, EA15-2008, EA16-2009, EA17-2011, EA18-2014, EA19-2015, EA20-2023)",2024-03,114.53,,
ESTAT:PRC_HICP_MIDX(1.0),01/04/25 11:00:00,Monthly,"Index, 2015=100",Actual rentals for housing,"Euro area (EA11-1999, EA12-2001, EA13-2007, EA15-2008, EA16-2009, EA17-2011, EA18-2014, EA19-2015, EA20-2023)",2024-04,114.72,,
ESTAT:PRC_HICP_MIDX(1.0),01/04/25 11:00:00,Monthly,"Index, 2015=100",Actual rentals for housing,"Euro area (EA11-1999, EA12-2001, EA13-2007, EA15-2008, EA16-2009, EA17-2011, EA18-2014, EA19-2015, EA20-2023)",2024-05,114.94,,
ESTAT:PRC_HICP_MIDX(1.0),01/04/25 11:00:00,Monthly,"Index, 2015=100",Actual rentals for housing,"Euro area (EA11-1999, EA12-2001, EA13-2007, EA15-2008, EA16-2009, EA17-2011, EA18-2014, EA19-2015, EA20-2023)",2024-06,115.14,,
ESTAT:PRC_HICP_MIDX(1.0),01/04/25 11:00:00,Monthly,"Index, 2015=100",Actual rentals for housing,Euro area - 19 countries  (2015-2022),2023-09,112.83,,
ESTAT:PRC_HICP_MIDX(1.0),01/04/25 11:00:00,Monthly,"Index, 2015=100",Actual rentals for housing,Euro area - 19 countries  (2015-2022),2023-10,113.08,,
ESTAT:PRC_HICP_MIDX(1.0),01/04/25 11:00:00,Monthly,"Index, 2015=100",Actual rentals for housing,Euro area - 19 countries  (2015-2022),2023-11,113.20,,
ESTAT:PRC_HICP_MIDX(1.0),01/04/25 11:00:00,Monthly,"Index, 2015=100",Actual rentals for housing,Euro area - 19 countries  (2015-2022),2023-12,113.45,,
ESTAT:PRC_HICP_MIDX(1.0),01/04/25 11:00:00,Monthly,"Index, 2015=100",Actual rentals for housing,Euro area - 19 countries  (2015-2022),2024-01,113.78,,
ESTAT:PRC_HICP_MIDX(1.0),01/04/25 11:00:00,Monthly,"Index, 2015=100",Actual rentals for housing,Euro area - 19 countries  (2015-2022),2024-02,114.29,,
ESTAT:PRC_HICP_MIDX(1.0),01/04/25 11:00:00,Monthly,"Index, 2015=100",Actual rentals for housing,Euro area - 19 countries  (2015-2022),2024-03,114.53,,
ESTAT:PRC_HICP_MIDX(1.0),01/04/25 11:00:00,Monthly,"Index, 2015=100",Actual rentals for housing,Euro area - 19 countries  (2015-2022),2024-04,114.71,,
ESTAT:PRC_HICP_MIDX(1.0),01/04/25 11:00:00,Monthly,"Index, 2015=100",Actual rentals for housing,Euro area - 19 countries  (2015-2022),2024-05,114.94,,
ESTAT:PRC_HICP_MIDX(1.0),01/04/25 11:00:00,Monthly,"Index, 2015=100",Actual rentals for housing,Euro area - 19 countries  (2015-2022),2024-06,115.14,,
ESTAT:PRC_HICP_MIDX(1.0),01/04/25 11:00:00,Monthly,"Index, 2015=100",Actual rentals for housing,Euro area – 20 countries (from 2023),2023-09,112.83,,
ESTAT:PRC_HICP_MIDX(1.0),01/04/25 11:00:00,Monthly,"Index, 2015=100",Actual rentals for housing,Euro area – 20 countries (from 2023),2023-10,113.08,,
ESTAT:PRC_HICP_MIDX(1.0),01/04/25 11:00:00,Monthly,"Index, 2015=100",Actual rentals for housing,Euro area – 20 countries (from 2023),2023-11,113.20,,
ESTAT:PRC_HICP_MIDX(1.0),01/04/25 11:00:00,Monthly,"Index, 2015=100",Actual rentals for housing,Euro area – 20 countries (from 2023),2023-12,113.46,,
ESTAT:PRC_HICP_MIDX(1.0),01/04/25 11:00:00,Monthly,"Index, 2015=100",Actual rentals for housing,Euro area – 20 countries (from 2023),2024-01,113.79,,
ESTAT:PRC_HICP_MIDX(1.0),01/04/25 11:00:00,Monthly,"Index, 2015=100",Actual rentals for housing,Euro area – 20 countries (from 2023),2024-02,114.30,,
ESTAT:PRC_HICP_MIDX(1.0),01/04/25 11:00:00,Monthly,"Index, 2015=100",Actual rentals for housing,Euro area – 20 countries (from 2023),2024-03,114.54,,
ESTAT:PRC_HICP_MIDX(1.0),01/04/25 11:00:00,Monthly,"Index, 2015=100",Actual rentals for housing,Euro area – 20 countries (from 2023),2024-04,114.72,,
ESTAT:PRC_HICP_MIDX(1.0),01/04/25 11:00:00,Monthly,"Index, 2015=100",Actual rentals for housing,Euro area – 20 countries (from 2023),2024-05,114.95,,
ESTAT:PRC_HICP_MIDX(1.0),01/04/25 11:00:00,Monthly,"Index, 2015=100",Actual rentals for housing,Euro area – 20 countries (from 2023),2024-06,115.14,,
ESTAT:PRC_HICP_MIDX(1.0),01/04/25 11:00:00,Monthly,"Index, 2015=100",Actual rentals for housing,Estonia,2023-09,159.84,,
ESTAT:PRC_HICP_MIDX(1.0),01/04/25 11:00:00,Monthly,"Index, 2015=100",Actual rentals for housing,Estonia,2023-10,160.62,,
ESTAT:PRC_HICP_MIDX(1.0),01/04/25 11:00:00,Monthly,"Index, 2015=100",Actual rentals for housing,Estonia,2023-11,156.53,,
ESTAT:PRC_HICP_MIDX(1.0),01/04/25 11:00:00,Monthly,"Index, 2015=100",Actual rentals for housing,Estonia,2023-12,153.16,,
ESTAT:PRC_HICP_MIDX(1.0),01/04/25 11:00:00,Monthly,"Index, 2015=100",Actual rentals for housing,Estonia,2024-01,153.44,,
ESTAT:PRC_HICP_MIDX(1.0),01/04/25 11:00:00,Monthly,"Index, 2015=100",Actual rentals for housing,Estonia,2024-02,153.53,,
ESTAT:PRC_HICP_MIDX(1.0),01/04/25 11:00:00,Monthly,"Index, 2015=100",Actual rentals for housing,Estonia,2024-03,154.12,,
ESTAT:PRC_HICP_MIDX(1.0),01/04/25 11:00:00,Monthly,"Index, 2015=100",Actual rentals for housing,Estonia,2024-04,153.40,,
ESTAT:PRC_HICP_MIDX(1.0),01/04/25 11:00:00,Monthly,"Index, 2015=100",Actual rentals for housing,Estonia,2024-05,156.00,,
ESTAT:PRC_HICP_MIDX(1.0),01/04/25 11:00:00,Monthly,"Index, 2015=100",Actual rentals for housing,Estonia,2024-06,154.97,,
ESTAT:PRC_HICP_MIDX(1.0),01/04/25 11:00:00,Monthly,"Index, 2015=100",Actual rentals for housing,"European Economic Area (EEA18-1995, EEA28-2004, EEA30-2007, EEA31-2013, EEA30-2020)",2023-09,113.71,,
ESTAT:PRC_HICP_MIDX(1.0),01/04/25 11:00:00,Monthly,"Index, 2015=100",Actual rentals for housing,"European Economic Area (EEA18-1995, EEA28-2004, EEA30-2007, EEA31-2013, EEA30-2020)",2023-10,113.97,,
ESTAT:PRC_HICP_MIDX(1.0),01/04/25 11:00:00,Monthly,"Index, 2015=100",Actual rentals for housing,"European Economic Area (EEA18-1995, EEA28-2004, EEA30-2007, EEA31-2013, EEA30-2020)",2023-11,114.11,,
ESTAT:PRC_HICP_MIDX(1.0),01/04/25 11:00:00,Monthly,"Index, 2015=100",Actual rentals for housing,"European Economic Area (EEA18-1995, EEA28-2004, EEA30-2007, EEA31-2013, EEA30-2020)",2023-12,114.36,,
ESTAT:PRC_HICP_MIDX(1.0),01/04/25 11:00:00,Monthly,"Index, 2015=100",Actual rentals for housing,"European Economic Area (EEA18-1995, EEA28-2004, EEA30-2007, EEA31-2013, EEA30-2020)",2024-01,114.76,,
ESTAT:PRC_HICP_MIDX(1.0),01/04/25 11:00:00,Monthly,"Index, 2015=100",Actual rentals for housing,"European Economic Area (EEA18-1995, EEA28-2004, EEA30-2007, EEA31-2013, EEA30-2020)",2024-02,115.31,,
ESTAT:PRC_HICP_MIDX(1.0),01/04/25 11:00:00,Monthly,"Index, 2015=100",Actual rentals for housing,"European Economic Area (EEA18-1995, EEA28-2004, EEA30-2007, EEA31-2013, EEA30-2020)",2024-03,115.59,,
ESTAT:PRC_HICP_MIDX(1.0),01/04/25 11:00:00,Monthly,"Index, 2015=100",Actual rentals for housing,"European Economic Area (EEA18-1995, EEA28-2004, EEA30-2007, EEA31-2013, EEA30-2020)",2024-04,115.84,,
ESTAT:PRC_HICP_MIDX(1.0),01/04/25 11:00:00,Monthly,"Index, 2015=100",Actual rentals for housing,"European Economic Area (EEA18-1995, EEA28-2004, EEA30-2007, EEA31-2013, EEA30-2020)",2024-05,116.07,,
ESTAT:PRC_HICP_MIDX(1.0),01/04/25 11:00:00,Monthly,"Index, 2015=100",Actual rentals for housing,"European Economic Area (EEA18-1995, EEA28-2004, EEA30-2007, EEA31-2013, EEA30-2020)",2024-06,116.29,,
ESTAT:PRC_HICP_MIDX(1.0),01/04/25 11:00:00,Monthly,"Index, 2015=100",Actual rentals for housing,Greece,2023-09,99.24,,
ESTAT:PRC_HICP_MIDX(1.0),01/04/25 11:00:00,Monthly,"Index, 2015=100",Actual rentals for housing,Greece,2023-10,99.54,,
ESTAT:PRC_HICP_MIDX(1.0),01/04/25 11:00:00,Monthly,"Index, 2015=100",Actual rentals for housing,Greece,2023-11,99.68,,
ESTAT:PRC_HICP_MIDX(1.0),01/04/25 11:00:00,Monthly,"Index, 2015=100",Actual rentals for housing,Greece,2023-12,99.80,,
ESTAT:PRC_HICP_MIDX(1.0),01/04/25 11:00:00,Monthly,"Index, 2015=100",Actual rentals for housing,Greece,2024-01,99.95,,
ESTAT:PRC_HICP_MIDX(1.0),01/04/25 11:00:00,Monthly,"Index, 2015=100",Actual rentals for housing,Greece,2024-02,100.13,,
ESTAT:PRC_HICP_MIDX(1.0),01/04/25 11:00:00,Monthly,"Index, 2015=100",Actual rentals for housing,Greece,2024-03,100.36,,
ESTAT:PRC_HICP_MIDX(1.0),01/04/25 11:00:00,Monthly,"Index, 2015=100",Actual rentals for housing,Greece,2024-04,100.62,,
ESTAT:PRC_HICP_MIDX(1.0),01/04/25 11:00:00,Monthly,"Index, 2015=100",Actual rentals for housing,Greece,2024-05,101.07,,
ESTAT:PRC_HICP_MIDX(1.0),01/04/25 11:00:00,Monthly,"Index, 2015=100",Actual rentals for housing,Greece,2024-06,101.58,,
ESTAT:PRC_HICP_MIDX(1.0),01/04/25 11:00:00,Monthly,"Index, 2015=100",Actual rentals for housing,Spain,2023-09,108.93,,
ESTAT:PRC_HICP_MIDX(1.0),01/04/25 11:00:00,Monthly,"Index, 2015=100",Actual rentals for housing,Spain,2023-10,109.10,,
ESTAT:PRC_HICP_MIDX(1.0),01/04/25 11:00:00,Monthly,"Index, 2015=100",Actual rentals for housing,Spain,2023-11,109.29,,
ESTAT:PRC_HICP_MIDX(1.0),01/04/25 11:00:00,Monthly,"Index, 2015=100",Actual rentals for housing,Spain,2023-12,109.43,,
ESTAT:PRC_HICP_MIDX(1.0),01/04/25 11:00:00,Monthly,"Index, 2015=100",Actual rentals for housing,Spain,2024-01,109.64,,
ESTAT:PRC_HICP_MIDX(1.0),01/04/25 11:00:00,Monthly,"Index, 2015=100",Actual rentals for housing,Spain,2024-02,109.90,,
ESTAT:PRC_HICP_MIDX(1.0),01/04/25 11:00:00,Monthly,"Index, 2015=100",Actual rentals for housing,Spain,2024-03,110.18,,
ESTAT:PRC_HICP_MIDX(1.0),01/04/25 11:00:00,Monthly,"Index, 2015=100",Actual rentals for housing,Spain,2024-04,110.48,,
ESTAT:PRC_HICP_MIDX(1.0),01/04/25 11:00:00,Monthly,"Index, 2015=100",Actual rentals for housing,Spain,2024-05,110.75,,
ESTAT:PRC_HICP_MIDX(1.0),01/04/25 11:00:00,Monthly,"Index, 2015=100",Actual rentals for housing,Spain,2024-06,110.92,,
ESTAT:PRC_HICP_MIDX(1.0),01/04/25 11:00:00,Monthly,"Index, 2015=100",Actual rentals for housing,"European Union (EU6-1958, EU9-1973, EU10-1981, EU12-1986, EU15-1995, EU25-2004, EU27-2007, EU28-2013, EU27-2020)",2023-09,113.63,,
ESTAT:PRC_HICP_MIDX(1.0),01/04/25 11:00:00,Monthly,"Index, 2015=100",Actual rentals for housing,"European Union (EU6-1958, EU9-1973, EU10-1981, EU12-1986, EU15-1995, EU25-2004, EU27-2007, EU28-2013, EU27-2020)",2023-10,113.89,,
ESTAT:PRC_HICP_MIDX(1.0),01/04/25 11:00:00,Monthly,"Index, 2015=100",Actual rentals for housing,"European Union (EU6-1958, EU9-1973, EU10-1981, EU12-1986, EU15-1995, EU25-2004, EU27-2007, EU28-2013, EU27-2020)",2023-11,114.03,,
ESTAT:PRC_HICP_MIDX(1.0),01/04/25 11:00:00,Monthly,"Index, 2015=100",Actual rentals for housing,"European Union (EU6-1958, EU9-1973, EU10-1981, EU12-1986, EU15-1995, EU25-2004, EU27-2007, EU28-2013, EU27-2020)",2023-12,114.28,,
ESTAT:PRC_HICP_MIDX(1.0),01/04/25 11:00:00,Monthly,"Index, 2015=100",Actual rentals for housing,"European Union (EU6-1958, EU9-1973, EU10-1981, EU12-1986, EU15-1995, EU25-2004, EU27-2007, EU28-2013, EU27-2020)",2024-01,114.67,,
ESTAT:PRC_HICP_MIDX(1.0),01/04/25 11:00:00,Monthly,"Index, 2015=100",Actual rentals for housing,"European Union (EU6-1958, EU9-1973, EU10-1981, EU12-1986, EU15-1995, EU25-2004, EU27-2007, EU28-2013, EU27-2020)",2024-02,115.23,,
ESTAT:PRC_HICP_MIDX(1.0),01/04/25 11:00:00,Monthly,"Index, 2015=100",Actual rentals for housing,"European Union (EU6-1958, EU9-1973, EU10-1981, EU12-1986, EU15-1995, EU25-2004, EU27-2007, EU28-2013, EU27-2020)",2024-03,115.50,,
ESTAT:PRC_HICP_MIDX(1.0),01/04/25 11:00:00,Monthly,"Index, 2015=100",Actual rentals for housing,"European Union (EU6-1958, EU9-1973, EU10-1981, EU12-1986, EU15-1995, EU25-2004, EU27-2007, EU28-2013, EU27-2020)",2024-04,115.75,,
ESTAT:PRC_HICP_MIDX(1.0),01/04/25 11:00:00,Monthly,"Index, 2015=100",Actual rentals for housing,"European Union (EU6-1958, EU9-1973, EU10-1981, EU12-1986, EU15-1995, EU25-2004, EU27-2007, EU28-2013, EU27-2020)",2024-05,115.98,,
ESTAT:PRC_HICP_MIDX(1.0),01/04/25 11:00:00,Monthly,"Index, 2015=100",Actual rentals for housing,"European Union (EU6-1958, EU9-1973, EU10-1981, EU12-1986, EU15-1995, EU25-2004, EU27-2007, EU28-2013, EU27-2020)",2024-06,116.19,,
ESTAT:PRC_HICP_MIDX(1.0),01/04/25 11:00:00,Monthly,"Index, 2015=100",Actual rentals for housing,European Union - 27 countries (from 2020),2023-09,113.98,,
ESTAT:PRC_HICP_MIDX(1.0),01/04/25 11:00:00,Monthly,"Index, 2015=100",Actual rentals for housing,European Union - 27 countries (from 2020),2023-10,114.24,,
ESTAT:PRC_HICP_MIDX(1.0),01/04/25 11:00:00,Monthly,"Index, 2015=100",Actual rentals for housing,European Union - 27 countries (from 2020),2023-11,114.38,,
ESTAT:PRC_HICP_MIDX(1.0),01/04/25 11:00:00,Monthly,"Index, 2015=100",Actual rentals for housing,European Union - 27 countries (from 2020),2023-12,114.62,,
ESTAT:PRC_HICP_MIDX(1.0),01/04/25 11:00:00,Monthly,"Index, 2015=100",Actual rentals for housing,European Union - 27 countries (from 2020),2024-01,115.02,,
ESTAT:PRC_HICP_MIDX(1.0),01/04/25 11:00:00,Monthly,"Index, 2015=100",Actual rentals for housing,European Union - 27 countries (from 2020),2024-02,115.58,,
ESTAT:PRC_HICP_MIDX(1.0),01/04/25 11:00:00,Monthly,"Index, 2015=100",Actual rentals for housing,European Union - 27 countries (from 2020),2024-03,115.86,,
ESTAT:PRC_HICP_MIDX(1.0),01/04/25 11:00:00,Monthly,"Index, 2015=100",Actual rentals for housing,European Union - 27 countries (from 2020),2024-04,116.10,,
ESTAT:PRC_HICP_MIDX(1.0),01/04/25 11:00:00,Monthly,"Index, 2015=100",Actual rentals for housing,European Union - 27 countries (from 2020),2024-05,116.33,,
ESTAT:PRC_HICP_MIDX(1.0),01/04/25 11:00:00,Monthly,"Index, 2015=100",Actual rentals for housing,European Union - 27 countries (from 2020),2024-06,116.55,,
ESTAT:PRC_HICP_MIDX(1.0),01/04/25 11:00:00,Monthly,"Index, 2015=100",Actual rentals for housing,Finland,2023-09,114.81,,
ESTAT:PRC_HICP_MIDX(1.0),01/04/25 11:00:00,Monthly,"Index, 2015=100",Actual rentals for housing,Finland,2023-10,115.10,,
ESTAT:PRC_HICP_MIDX(1.0),01/04/25 11:00:00,Monthly,"Index, 2015=100",Actual rentals for housing,Finland,2023-11,115.14,,
ESTAT:PRC_HICP_MIDX(1.0),01/04/25 11:00:00,Monthly,"Index, 2015=100",Actual rentals for housing,Finland,2023-12,115.17,,
ESTAT:PRC_HICP_MIDX(1.0),01/04/25 11:00:00,Monthly,"Index, 2015=100",Actual rentals for housing,Finland,2024-01,116.00,,
ESTAT:PRC_HICP_MIDX(1.0),01/04/25 11:00:00,Monthly,"Index, 2015=100",Actual rentals for housing,Finland,2024-02,116.25,,
ESTAT:PRC_HICP_MIDX(1.0),01/04/25 11:00:00,Monthly,"Index, 2015=100",Actual rentals for housing,Finland,2024-03,116.60,,
ESTAT:PRC_HICP_MIDX(1.0),01/04/25 11:00:00,Monthly,"Index, 2015=100",Actual rentals for housing,Finland,2024-04,116.88,,
ESTAT:PRC_HICP_MIDX(1.0),01/04/25 11:00:00,Monthly,"Index, 2015=100",Actual rentals for housing,Finland,2024-05,117.02,,
ESTAT:PRC_HICP_MIDX(1.0),01/04/25 11:00:00,Monthly,"Index, 2015=100",Actual rentals for housing,Finland,2024-06,117.14,,
ESTAT:PRC_HICP_MIDX(1.0),01/04/25 11:00:00,Monthly,"Index, 2015=100",Actual rentals for housing,France,2023-09,105.14,,
ESTAT:PRC_HICP_MIDX(1.0),01/04/25 11:00:00,Monthly,"Index, 2015=100",Actual rentals for housing,France,2023-10,105.26,,
ESTAT:PRC_HICP_MIDX(1.0),01/04/25 11:00:00,Monthly,"Index, 2015=100",Actual rentals for housing,France,2023-11,105.29,,
ESTAT:PRC_HICP_MIDX(1.0),01/04/25 11:00:00,Monthly,"Index, 2015=100",Actual rentals for housing,France,2023-12,105.40,,
ESTAT:PRC_HICP_MIDX(1.0),01/04/25 11:00:00,Monthly,"Index, 2015=100",Actual rentals for housing,France,2024-01,105.57,,
ESTAT:PRC_HICP_MIDX(1.0),01/04/25 11:00:00,Monthly,"Index, 2015=100",Actual rentals for housing,France,2024-02,106.69,,
ESTAT:PRC_HICP_MIDX(1.0),01/04/25 11:00:00,Monthly,"Index, 2015=100",Actual rentals for housing,France,2024-03,106.91,,
ESTAT:PRC_HICP_MIDX(1.0),01/04/25 11:00:00,Monthly,"Index, 2015=100",Actual rentals for housing,France,2024-04,107.03,,
ESTAT:PRC_HICP_MIDX(1.0),01/04/25 11:00:00,Monthly,"Index, 2015=100",Actual rentals for housing,France,2024-05,107.25,,
ESTAT:PRC_HICP_MIDX(1.0),01/04/25 11:00:00,Monthly,"Index, 2015=100",Actual rentals for housing,France,2024-06,107.35,,
ESTAT:PRC_HICP_MIDX(1.0),01/04/25 11:00:00,Monthly,"Index, 2015=100",Actual rentals for housing,Croatia,2023-09,120.94,,
ESTAT:PRC_HICP_MIDX(1.0),01/04/25 11:00:00,Monthly,"Index, 2015=100",Actual rentals for housing,Croatia,2023-10,121.61,,
ESTAT:PRC_HICP_MIDX(1.0),01/04/25 11:00:00,Monthly,"Index, 2015=100",Actual rentals for housing,Croatia,2023-11,121.85,,
ESTAT:PRC_HICP_MIDX(1.0),01/04/25 11:00:00,Monthly,"Index, 2015=100",Actual rentals for housing,Croatia,2023-12,122.25,,
ESTAT:PRC_HICP_MIDX(1.0),01/04/25 11:00:00,Monthly,"Index, 2015=100",Actual rentals for housing,Croatia,2024-01,122.47,,
ESTAT:PRC_HICP_MIDX(1.0),01/04/25 11:00:00,Monthly,"Index, 2015=100",Actual rentals for housing,Croatia,2024-02,123.52,,
ESTAT:PRC_HICP_MIDX(1.0),01/04/25 11:00:00,Monthly,"Index, 2015=100",Actual rentals for housing,Croatia,2024-03,124.29,,
ESTAT:PRC_HICP_MIDX(1.0),01/04/25 11:00:00,Monthly,"Index, 2015=100",Actual rentals for housing,Croatia,2024-04,124.27,,
ESTAT:PRC_HICP_MIDX(1.0),01/04/25 11:00:00,Monthly,"Index, 2015=100",Actual rentals for housing,Croatia,2024-05,123.97,,
ESTAT:PRC_HICP_MIDX(1.0),01/04/25 11:00:00,Monthly,"Index, 2015=100",Actual rentals for housing,Croatia,2024-06,123.89,,
ESTAT:PRC_HICP_MIDX(1.0),01/04/25 11:00:00,Monthly,"Index, 2015=100",Actual rentals for housing,Hungary,2023-09,172.17,,
ESTAT:PRC_HICP_MIDX(1.0),01/04/25 11:00:00,Monthly,"Index, 2015=100",Actual rentals for housing,Hungary,2023-10,173.71,,
ESTAT:PRC_HICP_MIDX(1.0),01/04/25 11:00:00,Monthly,"Index, 2015=100",Actual rentals for housing,Hungary,2023-11,174.29,,
ESTAT:PRC_HICP_MIDX(1.0),01/04/25 11:00:00,Monthly,"Index, 2015=100",Actual rentals for housing,Hungary,2023-12,175.02,,
ESTAT:PRC_HICP_MIDX(1.0),01/04/25 11:00:00,Monthly,"Index, 2015=100",Actual rentals for housing,Hungary,2024-01,179.31,,
ESTAT:PRC_HICP_MIDX(1.0),01/04/25 11:00:00,Monthly,"Index, 2015=100",Actual rentals for housing,Hungary,2024-02,181.08,,
ESTAT:PRC_HICP_MIDX(1.0),01/04/25 11:00:00,Monthly,"Index, 2015=100",Actual rentals for housing,Hungary,2024-03,182.50,,
ESTAT:PRC_HICP_MIDX(1.0),01/04/25 11:00:00,Monthly,"Index, 2015=100",Actual rentals for housing,Hungary,2024-04,183.92,,
ESTAT:PRC_HICP_MIDX(1.0),01/04/25 11:00:00,Monthly,"Index, 2015=100",Actual rentals for housing,Hungary,2024-05,184.33,,
ESTAT:PRC_HICP_MIDX(1.0),01/04/25 11:00:00,Monthly,"Index, 2015=100",Actual rentals for housing,Hungary,2024-06,186.34,,
ESTAT:PRC_HICP_MIDX(1.0),01/04/25 11:00:00,Monthly,"Index, 2015=100",Actual rentals for housing,Ireland,2023-09,161.0,,
ESTAT:PRC_HICP_MIDX(1.0),01/04/25 11:00:00,Monthly,"Index, 2015=100",Actual rentals for housing,Ireland,2023-10,161.0,,
ESTAT:PRC_HICP_MIDX(1.0),01/04/25 11:00:00,Monthly,"Index, 2015=100",Actual rentals for housing,Ireland,2023-11,161.2,,
ESTAT:PRC_HICP_MIDX(1.0),01/04/25 11:00:00,Monthly,"Index, 2015=100",Actual rentals for housing,Ireland,2023-12,162.3,,
ESTAT:PRC_HICP_MIDX(1.0),01/04/25 11:00:00,Monthly,"Index, 2015=100",Actual rentals for housing,Ireland,2024-01,162.4,,
ESTAT:PRC_HICP_MIDX(1.0),01/04/25 11:00:00,Monthly,"Index, 2015=100",Actual rentals for housing,Ireland,2024-02,163.0,,
ESTAT:PRC_HICP_MIDX(1.0),01/04/25 11:00:00,Monthly,"Index, 2015=100",Actual rentals for housing,Ireland,2024-03,163.4,,
ESTAT:PRC_HICP_MIDX(1.0),01/04/25 11:00:00,Monthly,"Index, 2015=100",Actual rentals for housing,Ireland,2024-04,163.5,,
ESTAT:PRC_HICP_MIDX(1.0),01/04/25 11:00:00,Monthly,"Index, 2015=100",Actual rentals for housing,Ireland,2024-05,164.0,,
ESTAT:PRC_HICP_MIDX(1.0),01/04/25 11:00:00,Monthly,"Index, 2015=100",Actual rentals for housing,Ireland,2024-06,165.5,,
ESTAT:PRC_HICP_MIDX(1.0),01/04/25 11:00:00,Monthly,"Index, 2015=100",Actual rentals for housing,Iceland,2023-09,148.80,,
ESTAT:PRC_HICP_MIDX(1.0),01/04/25 11:00:00,Monthly,"Index, 2015=100",Actual rentals for housing,Iceland,2023-10,149.14,,
ESTAT:PRC_HICP_MIDX(1.0),01/04/25 11:00:00,Monthly,"Index, 2015=100",Actual rentals for housing,Iceland,2023-11,150.00,,
ESTAT:PRC_HICP_MIDX(1.0),01/04/25 11:00:00,Monthly,"Index, 2015=100",Actual rentals for housing,Iceland,2023-12,151.62,,
ESTAT:PRC_HICP_MIDX(1.0),01/04/25 11:00:00,Monthly,"Index, 2015=100",Actual rentals for housing,Iceland,2024-01,152.39,,
ESTAT:PRC_HICP_MIDX(1.0),01/04/25 11:00:00,Monthly,"Index, 2015=100",Actual rentals for housing,Iceland,2024-02,153.91,,
ESTAT:PRC_HICP_MIDX(1.0),01/04/25 11:00:00,Monthly,"Index, 2015=100",Actual rentals for housing,Iceland,2024-03,155.10,,
ESTAT:PRC_HICP_MIDX(1.0),01/04/25 11:00:00,Monthly,"Index, 2015=100",Actual rentals for housing,Iceland,2024-04,156.03,,
ESTAT:PRC_HICP_MIDX(1.0),01/04/25 11:00:00,Monthly,"Index, 2015=100",Actual rentals for housing,Iceland,2024-05,157.19,,
ESTAT:PRC_HICP_MIDX(1.0),01/04/25 11:00:00,Monthly,"Index, 2015=100",Actual rentals for housing,Iceland,2024-06,158.39,,
ESTAT:PRC_HICP_MIDX(1.0),01/04/25 11:00:00,Monthly,"Index, 2015=100",Actual rentals for housing,Italy,2023-09,105.7,,
ESTAT:PRC_HICP_MIDX(1.0),01/04/25 11:00:00,Monthly,"Index, 2015=100",Actual rentals for housing,Italy,2023-10,105.9,,
ESTAT:PRC_HICP_MIDX(1.0),01/04/25 11:00:00,Monthly,"Index, 2015=100",Actual rentals for housing,Italy,2023-11,106.0,,
ESTAT:PRC_HICP_MIDX(1.0),01/04/25 11:00:00,Monthly,"Index, 2015=100",Actual rentals for housing,Italy,2023-12,106.8,,
ESTAT:PRC_HICP_MIDX(1.0),01/04/25 11:00:00,Monthly,"Index, 2015=100",Actual rentals for housing,Italy,2024-01,106.9,,
ESTAT:PRC_HICP_MIDX(1.0),01/04/25 11:00:00,Monthly,"Index, 2015=100",Actual rentals for housing,Italy,2024-02,107.3,,
ESTAT:PRC_HICP_MIDX(1.0),01/04/25 11:00:00,Monthly,"Index, 2015=100",Actual rentals for housing,Italy,2024-03,107.5,,
ESTAT:PRC_HICP_MIDX(1.0),01/04/25 11:00:00,Monthly,"Index, 2015=100",Actual rentals for housing,Italy,2024-04,107.6,,
ESTAT:PRC_HICP_MIDX(1.0),01/04/25 11:00:00,Monthly,"Index, 2015=100",Actual rentals for housing,Italy,2024-05,107.9,,
ESTAT:PRC_HICP_MIDX(1.0),01/04/25 11:00:00,Monthly,"Index, 2015=100",Actual rentals for housing,Italy,2024-06,108.2,,
ESTAT:PRC_HICP_MIDX(1.0),01/04/25 11:00:00,Monthly,"Index, 2015=100",Actual rentals for housing,Lithuania,2023-09,168.97,,
ESTAT:PRC_HICP_MIDX(1.0),01/04/25 11:00:00,Monthly,"Index, 2015=100",Actual rentals for housing,Lithuania,2023-10,169.65,,
ESTAT:PRC_HICP_MIDX(1.0),01/04/25 11:00:00,Monthly,"Index, 2015=100",Actual rentals for housing,Lithuania,2023-11,170.36,,
ESTAT:PRC_HICP_MIDX(1.0),01/04/25 11:00:00,Monthly,"Index, 2015=100",Actual rentals for housing,Lithuania,2023-12,170.21,,
ESTAT:PRC_HICP_MIDX(1.0),01/04/25 11:00:00,Monthly,"Index, 2015=100",Actual rentals for housing,Lithuania,2024-01,170.34,,
ESTAT:PRC_HICP_MIDX(1.0),01/04/25 11:00:00,Monthly,"Index, 2015=100",Actual rentals for housing,Lithuania,2024-02,171.01,,
ESTAT:PRC_HICP_MIDX(1.0),01/04/25 11:00:00,Monthly,"Index, 2015=100",Actual rentals for housing,Lithuania,2024-03,173.10,,
ESTAT:PRC_HICP_MIDX(1.0),01/04/25 11:00:00,Monthly,"Index, 2015=100",Actual rentals for housing,Lithuania,2024-04,173.68,,
ESTAT:PRC_HICP_MIDX(1.0),01/04/25 11:00:00,Monthly,"Index, 2015=100",Actual rentals for housing,Lithuania,2024-05,173.80,,
ESTAT:PRC_HICP_MIDX(1.0),01/04/25 11:00:00,Monthly,"Index, 2015=100",Actual rentals for housing,Lithuania,2024-06,175.09,,
ESTAT:PRC_HICP_MIDX(1.0),01/04/25 11:00:00,Monthly,"Index, 2015=100",Actual rentals for housing,Luxembourg,2023-09,111.34,,
ESTAT:PRC_HICP_MIDX(1.0),01/04/25 11:00:00,Monthly,"Index, 2015=100",Actual rentals for housing,Luxembourg,2023-10,111.56,,
ESTAT:PRC_HICP_MIDX(1.0),01/04/25 11:00:00,Monthly,"Index, 2015=100",Actual rentals for housing,Luxembourg,2023-11,111.62,,
ESTAT:PRC_HICP_MIDX(1.0),01/04/25 11:00:00,Monthly,"Index, 2015=100",Actual rentals for housing,Luxembourg,2023-12,111.72,,
ESTAT:PRC_HICP_MIDX(1.0),01/04/25 11:00:00,Monthly,"Index, 2015=100",Actual rentals for housing,Luxembourg,2024-01,111.83,,
ESTAT:PRC_HICP_MIDX(1.0),01/04/25 11:00:00,Monthly,"Index, 2015=100",Actual rentals for housing,Luxembourg,2024-02,112.18,,
ESTAT:PRC_HICP_MIDX(1.0),01/04/25 11:00:00,Monthly,"Index, 2015=100",Actual rentals for housing,Luxembourg,2024-03,112.24,,
ESTAT:PRC_HICP_MIDX(1.0),01/04/25 11:00:00,Monthly,"Index, 2015=100",Actual rentals for housing,Luxembourg,2024-04,112.30,,
ESTAT:PRC_HICP_MIDX(1.0),01/04/25 11:00:00,Monthly,"Index, 2015=100",Actual rentals for housing,Luxembourg,2024-05,112.51,,
ESTAT:PRC_HICP_MIDX(1.0),01/04/25 11:00:00,Monthly,"Index, 2015=100",Actual rentals for housing,Luxembourg,2024-06,112.55,,
ESTAT:PRC_HICP_MIDX(1.0),01/04/25 11:00:00,Monthly,"Index, 2015=100",Actual rentals for housing,Latvia,2023-09,117.35,,
ESTAT:PRC_HICP_MIDX(1.0),01/04/25 11:00:00,Monthly,"Index, 2015=100",Actual rentals for housing,Latvia,2023-10,116.62,,
ESTAT:PRC_HICP_MIDX(1.0),01/04/25 11:00:00,Monthly,"Index, 2015=100",Actual rentals for housing,Latvia,2023-11,115.40,,
ESTAT:PRC_HICP_MIDX(1.0),01/04/25 11:00:00,Monthly,"Index, 2015=100",Actual rentals for housing,Latvia,2023-12,115.03,,
ESTAT:PRC_HICP_MIDX(1.0),01/04/25 11:00:00,Monthly,"Index, 2015=100",Actual rentals for housing,Latvia,2024-01,115.92,,
ESTAT:PRC_HICP_MIDX(1.0),01/04/25 11:00:00,Monthly,"Index, 2015=100",Actual rentals for housing,Latvia,2024-02,115.57,,
ESTAT:PRC_HICP_MIDX(1.0),01/04/25 11:00:00,Monthly,"Index, 2015=100",Actual rentals for housing,Latvia,2024-03,116.34,,
ESTAT:PRC_HICP_MIDX(1.0),01/04/25 11:00:00,Monthly,"Index, 2015=100",Actual rentals for housing,Latvia,2024-04,118.70,,
ESTAT:PRC_HICP_MIDX(1.0),01/04/25 11:00:00,Monthly,"Index, 2015=100",Actual rentals for housing,Latvia,2024-05,119.72,,
ESTAT:PRC_HICP_MIDX(1.0),01/04/25 11:00:00,Monthly,"Index, 2015=100",Actual rentals for housing,Latvia,2024-06,121.00,,
ESTAT:PRC_HICP_MIDX(1.0),01/04/25 11:00:00,Monthly,"Index, 2015=100",Actual rentals for housing,Montenegro,2023-09,139.99,d,
ESTAT:PRC_HICP_MIDX(1.0),01/04/25 11:00:00,Monthly,"Index, 2015=100",Actual rentals for housing,Montenegro,2023-10,143.50,d,
ESTAT:PRC_HICP_MIDX(1.0),01/04/25 11:00:00,Monthly,"Index, 2015=100",Actual rentals for housing,Montenegro,2023-11,143.55,d,
ESTAT:PRC_HICP_MIDX(1.0),01/04/25 11:00:00,Monthly,"Index, 2015=100",Actual rentals for housing,Montenegro,2023-12,143.62,d,
ESTAT:PRC_HICP_MIDX(1.0),01/04/25 11:00:00,Monthly,"Index, 2015=100",Actual rentals for housing,Montenegro,2024-01,143.99,d,
ESTAT:PRC_HICP_MIDX(1.0),01/04/25 11:00:00,Monthly,"Index, 2015=100",Actual rentals for housing,Montenegro,2024-02,144.60,d,
ESTAT:PRC_HICP_MIDX(1.0),01/04/25 11:00:00,Monthly,"Index, 2015=100",Actual rentals for housing,Montenegro,2024-03,145.45,d,
ESTAT:PRC_HICP_MIDX(1.0),01/04/25 11:00:00,Monthly,"Index, 2015=100",Actual rentals for housing,Montenegro,2024-04,145.80,d,
ESTAT:PRC_HICP_MIDX(1.0),01/04/25 11:00:00,Monthly,"Index, 2015=100",Actual rentals for housing,Montenegro,2024-05,145.94,d,
ESTAT:PRC_HICP_MIDX(1.0),01/04/25 11:00:00,Monthly,"Index, 2015=100",Actual rentals for housing,Montenegro,2024-06,145.94,d,
ESTAT:PRC_HICP_MIDX(1.0),01/04/25 11:00:00,Monthly,"Index, 2015=100",Actual rentals for housing,North Macedonia,2023-09,104.92,d,
ESTAT:PRC_HICP_MIDX(1.0),01/04/25 11:00:00,Monthly,"Index, 2015=100",Actual rentals for housing,North Macedonia,2023-10,104.92,d,
ESTAT:PRC_HICP_MIDX(1.0),01/04/25 11:00:00,Monthly,"Index, 2015=100",Actual rentals for housing,North Macedonia,2023-11,104.92,d,
ESTAT:PRC_HICP_MIDX(1.0),01/04/25 11:00:00,Monthly,"Index, 2015=100",Actual rentals for housing,North Macedonia,2023-12,104.92,d,
ESTAT:PRC_HICP_MIDX(1.0),01/04/25 11:00:00,Monthly,"Index, 2015=100",Actual rentals for housing,North Macedonia,2024-01,104.92,d,
ESTAT:PRC_HICP_MIDX(1.0),01/04/25 11:00:00,Monthly,"Index, 2015=100",Actual rentals for housing,North Macedonia,2024-02,104.92,d,
ESTAT:PRC_HICP_MIDX(1.0),01/04/25 11:00:00,Monthly,"Index, 2015=100",Actual rentals for housing,North Macedonia,2024-03,104.92,d,
ESTAT:PRC_HICP_MIDX(1.0),01/04/25 11:00:00,Monthly,"Index, 2015=100",Actual rentals for housing,North Macedonia,2024-04,104.92,d,
ESTAT:PRC_HICP_MIDX(1.0),01/04/25 11:00:00,Monthly,"Index, 2015=100",Actual rentals for housing,North Macedonia,2024-05,109.88,d,
ESTAT:PRC_HICP_MIDX(1.0),01/04/25 11:00:00,Monthly,"Index, 2015=100",Actual rentals for housing,North Macedonia,2024-06,109.88,d,
ESTAT:PRC_HICP_MIDX(1.0),01/04/25 11:00:00,Monthly,"Index, 2015=100",Actual rentals for housing,Malta,2023-09,143.76,,
ESTAT:PRC_HICP_MIDX(1.0),01/04/25 11:00:00,Monthly,"Index, 2015=100",Actual rentals for housing,Malta,2023-10,144.78,,
ESTAT:PRC_HICP_MIDX(1.0),01/04/25 11:00:00,Monthly,"Index, 2015=100",Actual rentals for housing,Malta,2023-11,145.67,,
ESTAT:PRC_HICP_MIDX(1.0),01/04/25 11:00:00,Monthly,"Index, 2015=100",Actual rentals for housing,Malta,2023-12,147.54,,
ESTAT:PRC_HICP_MIDX(1.0),01/04/25 11:00:00,Monthly,"Index, 2015=100",Actual rentals for housing,Malta,2024-01,149.10,,
ESTAT:PRC_HICP_MIDX(1.0),01/04/25 11:00:00,Monthly,"Index, 2015=100",Actual rentals for housing,Malta,2024-02,149.38,,
ESTAT:PRC_HICP_MIDX(1.0),01/04/25 11:00:00,Monthly,"Index, 2015=100",Actual rentals for housing,Malta,2024-03,149.96,,
ESTAT:PRC_HICP_MIDX(1.0),01/04/25 11:00:00,Monthly,"Index, 2015=100",Actual rentals for housing,Malta,2024-04,149.60,,
ESTAT:PRC_HICP_MIDX(1.0),01/04/25 11:00:00,Monthly,"Index, 2015=100",Actual rentals for housing,Malta,2024-05,150.42,,
ESTAT:PRC_HICP_MIDX(1.0),01/04/25 11:00:00,Monthly,"Index, 2015=100",Actual rentals for housing,Malta,2024-06,151.17,,
ESTAT:PRC_HICP_MIDX(1.0),01/04/25 11:00:00,Monthly,"Index, 2015=100",Actual rentals for housing,Netherlands,2023-09,119.69,,
ESTAT:PRC_HICP_MIDX(1.0),01/04/25 11:00:00,Monthly,"Index, 2015=100",Actual rentals for housing,Netherlands,2023-10,119.69,,
ESTAT:PRC_HICP_MIDX(1.0),01/04/25 11:00:00,Monthly,"Index, 2015=100",Actual rentals for housing,Netherlands,2023-11,119.69,,
ESTAT:PRC_HICP_MIDX(1.0),01/04/25 11:00:00,Monthly,"Index, 2015=100",Actual rentals for housing,Netherlands,2023-12,119.69,,
ESTAT:PRC_HICP_MIDX(1.0),01/04/25 11:00:00,Monthly,"Index, 2015=100",Actual rentals for housing,Netherlands,2024-01,119.69,,
ESTAT:PRC_HICP_MIDX(1.0),01/04/25 11:00:00,Monthly,"Index, 2015=100",Actual rentals for housing,Netherlands,2024-02,119.69,,
ESTAT:PRC_HICP_MIDX(1.0),01/04/25 11:00:00,Monthly,"Index, 2015=100",Actual rentals for housing,Netherlands,2024-03,119.69,,
ESTAT:PRC_HICP_MIDX(1.0),01/04/25 11:00:00,Monthly,"Index, 2015=100",Actual rentals for housing,Netherlands,2024-04,119.69,,
ESTAT:PRC_HICP_MIDX(1.0),01/04/25 11:00:00,Monthly,"Index, 2015=100",Actual rentals for housing,Netherlands,2024-05,119.69,,
ESTAT:PRC_HICP_MIDX(1.0),01/04/25 11:00:00,Monthly,"Index, 2015=100",Actual rentals for housing,Netherlands,2024-06,119.69,,
ESTAT:PRC_HICP_MIDX(1.0),01/04/25 11:00:00,Monthly,"Index, 2015=100",Actual rentals for housing,Norway,2023-09,118.8,,
ESTAT:PRC_HICP_MIDX(1.0),01/04/25 11:00:00,Monthly,"Index, 2015=100",Actual rentals for housing,Norway,2023-10,119.2,,
ESTAT:PRC_HICP_MIDX(1.0),01/04/25 11:00:00,Monthly,"Index, 2015=100",Actual rentals for housing,Norway,2023-11,119.4,,
ESTAT:PRC_HICP_MIDX(1.0),01/04/25 11:00:00,Monthly,"Index, 2015=100",Actual rentals for housing,Norway,2023-12,119.5,,
ESTAT:PRC_HICP_MIDX(1.0),01/04/25 11:00:00,Monthly,"Index, 2015=100",Actual rentals for housing,Norway,2024-01,120.7,,
ESTAT:PRC_HICP_MIDX(1.0),01/04/25 11:00:00,Monthly,"Index, 2015=100",Actual rentals for housing,Norway,2024-02,121.1,,
ESTAT:PRC_HICP_MIDX(1.0),01/04/25 11:00:00,Monthly,"Index, 2015=100",Actual rentals for housing,Norway,2024-03,121.6,,
ESTAT:PRC_HICP_MIDX(1.0),01/04/25 11:00:00,Monthly,"Index, 2015=100",Actual rentals for housing,Norway,2024-04,122.1,,
ESTAT:PRC_HICP_MIDX(1.0),01/04/25 11:00:00,Monthly,"Index, 2015=100",Actual rentals for housing,Norway,2024-05,122.4,,
ESTAT:PRC_HICP_MIDX(1.0),01/04/25 11:00:00,Monthly,"Index, 2015=100",Actual rentals for housing,Norway,2024-06,122.6,,
ESTAT:PRC_HICP_MIDX(1.0),01/04/25 11:00:00,Monthly,"Index, 2015=100",Actual rentals for housing,Poland,2023-09,159.9,,
ESTAT:PRC_HICP_MIDX(1.0),01/04/25 11:00:00,Monthly,"Index, 2015=100",Actual rentals for housing,Poland,2023-10,161.0,,
ESTAT:PRC_HICP_MIDX(1.0),01/04/25 11:00:00,Monthly,"Index, 2015=100",Actual rentals for housing,Poland,2023-11,161.8,,
ESTAT:PRC_HICP_MIDX(1.0),01/04/25 11:00:00,Monthly,"Index, 2015=100",Actual rentals for housing,Poland,2023-12,162.3,,
ESTAT:PRC_HICP_MIDX(1.0),01/04/25 11:00:00,Monthly,"Index, 2015=100",Actual rentals for housing,Poland,2024-01,163.2,,
ESTAT:PRC_HICP_MIDX(1.0),01/04/25 11:00:00,Monthly,"Index, 2015=100",Actual rentals for housing,Poland,2024-02,163.6,,
ESTAT:PRC_HICP_MIDX(1.0),01/04/25 11:00:00,Monthly,"Index, 2015=100",Actual rentals for housing,Poland,2024-03,164.8,,
ESTAT:PRC_HICP_MIDX(1.0),01/04/25 11:00:00,Monthly,"Index, 2015=100",Actual rentals for housing,Poland,2024-04,165.5,,
ESTAT:PRC_HICP_MIDX(1.0),01/04/25 11:00:00,Monthly,"Index, 2015=100",Actual rentals for housing,Poland,2024-05,165.6,,
ESTAT:PRC_HICP_MIDX(1.0),01/04/25 11:00:00,Monthly,"Index, 2015=100",Actual rentals for housing,Poland,2024-06,166.0,,
ESTAT:PRC_HICP_MIDX(1.0),01/04/25 11:00:00,Monthly,"Index, 2015=100",Actual rentals for housing,Portugal,2023-09,122.26,,
ESTAT:PRC_HICP_MIDX(1.0),01/04/25 11:00:00,Monthly,"Index, 2015=100",Actual rentals for housing,Portugal,2023-10,122.77,,
ESTAT:PRC_HICP_MIDX(1.0),01/04/25 11:00:00,Monthly,"Index, 2015=100",Actual rentals for housing,Portugal,2023-11,123.23,,
ESTAT:PRC_HICP_MIDX(1.0),01/04/25 11:00:00,Monthly,"Index, 2015=100",Actual rentals for housing,Portugal,2023-12,123.56,,
ESTAT:PRC_HICP_MIDX(1.0),01/04/25 11:00:00,Monthly,"Index, 2015=100",Actual rentals for housing,Portugal,2024-01,125.26,,
ESTAT:PRC_HICP_MIDX(1.0),01/04/25 11:00:00,Monthly,"Index, 2015=100",Actual rentals for housing,Portugal,2024-02,126.55,,
ESTAT:PRC_HICP_MIDX(1.0),01/04/25 11:00:00,Monthly,"Index, 2015=100",Actual rentals for housing,Portugal,2024-03,127.72,,
ESTAT:PRC_HICP_MIDX(1.0),01/04/25 11:00:00,Monthly,"Index, 2015=100",Actual rentals for housing,Portugal,2024-04,128.48,,
ESTAT:PRC_HICP_MIDX(1.0),01/04/25 11:00:00,Monthly,"Index, 2015=100",Actual rentals for housing,Portugal,2024-05,129.01,,
ESTAT:PRC_HICP_MIDX(1.0),01/04/25 11:00:00,Monthly,"Index, 2015=100",Actual rentals for housing,Portugal,2024-06,129.48,,
ESTAT:PRC_HICP_MIDX(1.0),01/04/25 11:00:00,Monthly,"Index, 2015=100",Actual rentals for housing,Romania,2023-09,133.72,,
ESTAT:PRC_HICP_MIDX(1.0),01/04/25 11:00:00,Monthly,"Index, 2015=100",Actual rentals for housing,Romania,2023-10,134.60,,
ESTAT:PRC_HICP_MIDX(1.0),01/04/25 11:00:00,Monthly,"Index, 2015=100",Actual rentals for housing,Romania,2023-11,135.05,,
ESTAT:PRC_HICP_MIDX(1.0),01/04/25 11:00:00,Monthly,"Index, 2015=100",Actual rentals for housing,Romania,2023-12,135.44,,
ESTAT:PRC_HICP_MIDX(1.0),01/04/25 11:00:00,Monthly,"Index, 2015=100",Actual rentals for housing,Romania,2024-01,140.15,,
ESTAT:PRC_HICP_MIDX(1.0),01/04/25 11:00:00,Monthly,"Index, 2015=100",Actual rentals for housing,Romania,2024-02,141.68,,
ESTAT:PRC_HICP_MIDX(1.0),01/04/25 11:00:00,Monthly,"Index, 2015=100",Actual rentals for housing,Romania,2024-03,141.88,,
ESTAT:PRC_HICP_MIDX(1.0),01/04/25 11:00:00,Monthly,"Index, 2015=100",Actual rentals for housing,Romania,2024-04,142.77,,
ESTAT:PRC_HICP_MIDX(1.0),01/04/25 11:00:00,Monthly,"Index, 2015=100",Actual rentals for housing,Romania,2024-05,142.80,,
ESTAT:PRC_HICP_MIDX(1.0),01/04/25 11:00:00,Monthly,"Index, 2015=100",Actual rentals for housing,Romania,2024-06,143.80,,
ESTAT:PRC_HICP_MIDX(1.0),01/04/25 11:00:00,Monthly,"Index, 2015=100",Actual rentals for housing,Serbia,2023-09,150.8,d,
ESTAT:PRC_HICP_MIDX(1.0),01/04/25 11:00:00,Monthly,"Index, 2015=100",Actual rentals for housing,Serbia,2023-10,151.4,d,
ESTAT:PRC_HICP_MIDX(1.0),01/04/25 11:00:00,Monthly,"Index, 2015=100",Actual rentals for housing,Serbia,2023-11,154.2,d,
ESTAT:PRC_HICP_MIDX(1.0),01/04/25 11:00:00,Monthly,"Index, 2015=100",Actual rentals for housing,Serbia,2023-12,154.4,d,
ESTAT:PRC_HICP_MIDX(1.0),01/04/25 11:00:00,Monthly,"Index, 2015=100",Actual rentals for housing,Serbia,2024-01,156.2,d,
ESTAT:PRC_HICP_MIDX(1.0),01/04/25 11:00:00,Monthly,"Index, 2015=100",Actual rentals for housing,Serbia,2024-02,156.5,d,
ESTAT:PRC_HICP_MIDX(1.0),01/04/25 11:00:00,Monthly,"Index, 2015=100",Actual rentals for housing,Serbia,2024-03,157.1,d,
ESTAT:PRC_HICP_MIDX(1.0),01/04/25 11:00:00,Monthly,"Index, 2015=100",Actual rentals for housing,Serbia,2024-04,160.5,d,
ESTAT:PRC_HICP_MIDX(1.0),01/04/25 11:00:00,Monthly,"Index, 2015=100",Actual rentals for housing,Serbia,2024-05,168.9,d,
ESTAT:PRC_HICP_MIDX(1.0),01/04/25 11:00:00,Monthly,"Index, 2015=100",Actual rentals for housing,Serbia,2024-06,170.4,d,
ESTAT:PRC_HICP_MIDX(1.0),01/04/25 11:00:00,Monthly,"Index, 2015=100",Actual rentals for housing,Sweden,2023-09,114.74,,
ESTAT:PRC_HICP_MIDX(1.0),01/04/25 11:00:00,Monthly,"Index, 2015=100",Actual rentals for housing,Sweden,2023-10,114.74,,
ESTAT:PRC_HICP_MIDX(1.0),01/04/25 11:00:00,Monthly,"Index, 2015=100",Actual rentals for housing,Sweden,2023-11,114.74,,
ESTAT:PRC_HICP_MIDX(1.0),01/04/25 11:00:00,Monthly,"Index, 2015=100",Actual rentals for housing,Sweden,2023-12,114.74,,
ESTAT:PRC_HICP_MIDX(1.0),01/04/25 11:00:00,Monthly,"Index, 2015=100",Actual rentals for housing,Sweden,2024-01,115.73,,
ESTAT:PRC_HICP_MIDX(1.0),01/04/25 11:00:00,Monthly,"Index, 2015=100",Actual rentals for housing,Sweden,2024-02,116.85,,
ESTAT:PRC_HICP_MIDX(1.0),01/04/25 11:00:00,Monthly,"Index, 2015=100",Actual rentals for housing,Sweden,2024-03,117.62,,
ESTAT:PRC_HICP_MIDX(1.0),01/04/25 11:00:00,Monthly,"Index, 2015=100",Actual rentals for housing,Sweden,2024-04,119.00,,
ESTAT:PRC_HICP_MIDX(1.0),01/04/25 11:00:00,Monthly,"Index, 2015=100",Actual rentals for housing,Sweden,2024-05,119.46,,
ESTAT:PRC_HICP_MIDX(1.0),01/04/25 11:00:00,Monthly,"Index, 2015=100",Actual rentals for housing,Sweden,2024-06,119.83,,
ESTAT:PRC_HICP_MIDX(1.0),01/04/25 11:00:00,Monthly,"Index, 2015=100",Actual rentals for housing,Slovenia,2023-09,168.33,,
ESTAT:PRC_HICP_MIDX(1.0),01/04/25 11:00:00,Monthly,"Index, 2015=100",Actual rentals for housing,Slovenia,2023-10,170.10,,
ESTAT:PRC_HICP_MIDX(1.0),01/04/25 11:00:00,Monthly,"Index, 2015=100",Actual rentals for housing,Slovenia,2023-11,166.74,,
ESTAT:PRC_HICP_MIDX(1.0),01/04/25 11:00:00,Monthly,"Index, 2015=100",Actual rentals for housing,Slovenia,2023-12,164.16,,
ESTAT:PRC_HICP_MIDX(1.0),01/04/25 11:00:00,Monthly,"Index, 2015=100",Actual rentals for housing,Slovenia,2024-01,164.83,,
ESTAT:PRC_HICP_MIDX(1.0),01/04/25 11:00:00,Monthly,"Index, 2015=100",Actual rentals for housing,Slovenia,2024-02,167.24,,
ESTAT:PRC_HICP_MIDX(1.0),01/04/25 11:00:00,Monthly,"Index, 2015=100",Actual rentals for housing,Slovenia,2024-03,164.94,,
ESTAT:PRC_HICP_MIDX(1.0),01/04/25 11:00:00,Monthly,"Index, 2015=100",Actual rentals for housing,Slovenia,2024-04,169.81,,
ESTAT:PRC_HICP_MIDX(1.0),01/04/25 11:00:00,Monthly,"Index, 2015=100",Actual rentals for housing,Slovenia,2024-05,170.50,,
ESTAT:PRC_HICP_MIDX(1.0),01/04/25 11:00:00,Monthly,"Index, 2015=100",Actual rentals for housing,Slovenia,2024-06,171.02,,
ESTAT:PRC_HICP_MIDX(1.0),01/04/25 11:00:00,Monthly,"Index, 2015=100",Actual rentals for housing,Slovakia,2023-09,114.97,,
ESTAT:PRC_HICP_MIDX(1.0),01/04/25 11:00:00,Monthly,"Index, 2015=100",Actual rentals for housing,Slovakia,2023-10,114.83,,
ESTAT:PRC_HICP_MIDX(1.0),01/04/25 11:00:00,Monthly,"Index, 2015=100",Actual rentals for housing,Slovakia,2023-11,115.21,,
ESTAT:PRC_HICP_MIDX(1.0),01/04/25 11:00:00,Monthly,"Index, 2015=100",Actual rentals for housing,Slovakia,2023-12,115.51,,
ESTAT:PRC_HICP_MIDX(1.0),01/04/25 11:00:00,Monthly,"Index, 2015=100",Actual rentals for housing,Slovakia,2024-01,116.37,,
ESTAT:PRC_HICP_MIDX(1.0),01/04/25 11:00:00,Monthly,"Index, 2015=100",Actual rentals for housing,Slovakia,2024-02,117.46,,
ESTAT:PRC_HICP_MIDX(1.0),01/04/25 11:00:00,Monthly,"Index, 2015=100",Actual rentals for housing,Slovakia,2024-03,118.02,,
ESTAT:PRC_HICP_MIDX(1.0),01/04/25 11:00:00,Monthly,"Index, 2015=100",Actual rentals for housing,Slovakia,2024-04,120.36,,
ESTAT:PRC_HICP_MIDX(1.0),01/04/25 11:00:00,Monthly,"Index, 2015=100",Actual rentals for housing,Slovakia,2024-05,119.32,,
ESTAT:PRC_HICP_MIDX(1.0),01/04/25 11:00:00,Monthly,"Index, 2015=100",Actual rentals for housing,Slovakia,2024-06,121.47,,
ESTAT:PRC_HICP_MIDX(1.0),01/04/25 11:00:00,Monthly,"Index, 2015=100",Actual rentals for housing,Türkiye,2023-09,469.03,d,
ESTAT:PRC_HICP_MIDX(1.0),01/04/25 11:00:00,Monthly,"Index, 2015=100",Actual rentals for housing,Türkiye,2023-10,506.11,d,
ESTAT:PRC_HICP_MIDX(1.0),01/04/25 11:00:00,Monthly,"Index, 2015=100",Actual rentals for housing,Türkiye,2023-11,536.34,d,
ESTAT:PRC_HICP_MIDX(1.0),01/04/25 11:00:00,Monthly,"Index, 2015=100",Actual rentals for housing,Türkiye,2023-12,560.38,d,
ESTAT:PRC_HICP_MIDX(1.0),01/04/25 11:00:00,Monthly,"Index, 2015=100",Actual rentals for housing,Türkiye,2024-01,624.62,d,
ESTAT:PRC_HICP_MIDX(1.0),01/04/25 11:00:00,Monthly,"Index, 2015=100",Actual rentals for housing,Türkiye,2024-02,668.74,d,
ESTAT:PRC_HICP_MIDX(1.0),01/04/25 11:00:00,Monthly,"Index, 2015=100",Actual rentals for housing,Türkiye,2024-03,711.05,d,
ESTAT:PRC_HICP_MIDX(1.0),01/04/25 11:00:00,Monthly,"Index, 2015=100",Actual rentals for housing,Türkiye,2024-04,743.86,d,
ESTAT:PRC_HICP_MIDX(1.0),01/04/25 11:00:00,Monthly,"Index, 2015=100",Actual rentals for housing,Türkiye,2024-05,784.50,d,
ESTAT:PRC_HICP_MIDX(1.0),01/04/25 11:00:00,Monthly,"Index, 2015=100",Actual rentals for housing,Türkiye,2024-06,824.47,d,
ESTAT:PRC_HICP_MIDX(1.0),01/04/25 11:00:00,Monthly,"Index, 2015=100",Actual rentals for housing,Kosovo*,2023-09,101.53,d,
ESTAT:PRC_HICP_MIDX(1.0),01/04/25 11:00:00,Monthly,"Index, 2015=100",Actual rentals for housing,Kosovo*,2023-10,101.53,d,
ESTAT:PRC_HICP_MIDX(1.0),01/04/25 11:00:00,Monthly,"Index, 2015=100",Actual rentals for housing,Kosovo*,2023-11,101.53,d,
ESTAT:PRC_HICP_MIDX(1.0),01/04/25 11:00:00,Monthly,"Index, 2015=100",Actual rentals for housing,Kosovo*,2023-12,101.53,d,
ESTAT:PRC_HICP_MIDX(1.0),01/04/25 11:00:00,Monthly,"Index, 2015=100",Actual rentals for housing,Kosovo*,2024-01,100.18,d,
ESTAT:PRC_HICP_MIDX(1.0),01/04/25 11:00:00,Monthly,"Index, 2015=100",Actual rentals for housing,Kosovo*,2024-02,100.18,d,
ESTAT:PRC_HICP_MIDX(1.0),01/04/25 11:00:00,Monthly,"Index, 2015=100",Actual rentals for housing,Kosovo*,2024-03,100.18,d,
ESTAT:PRC_HICP_MIDX(1.0),01/04/25 11:00:00,Monthly,"Index, 2015=100",Actual rentals for housing,Kosovo*,2024-04,100.18,d,
ESTAT:PRC_HICP_MIDX(1.0),01/04/25 11:00:00,Monthly,"Index, 2015=100",Actual rentals for housing,Kosovo*,2024-05,100.18,d,
ESTAT:PRC_HICP_MIDX(1.0),01/04/25 11:00:00,Monthly,"Index, 2015=100",Actual rentals for housing,Kosovo*,2024-06,100.18,d,
